service_name,service_description,provider_name,seller_tags,avg_speed_reply,delivery_period,number_of_buyers,extra_service,extra_service_fee,last_buyer_review,service_Link,seller_picture_link
 ٌإستخلاص البيانات Data Scraping ,"
      إستخراج البيانات من صفحات الويب في المواقع باستخدام لغة البايثون, وحفظ البيانات أو معالجتها حسب الحاجة,-استخراج البيانات المطلوبة من 500 صفحة بمقابل 5$,إتفاقية الاستخدام:,1- الخدمة تقتصر على موقع واحد,2- يجب أن تكون البيانات مرئية ومتاحة,3- توفير رابط الموقع الذي يحتوي على البيانات,4- الخدمة لاتشمل الكود
    ",Yassine Farhi,"python,data,البيانات,تجريف,scraping,bs4,datascraping", 4 ساعات,أربعة أيام,1,تطوير1+,مقابل 10.00$ إضافية على سعر الخدمة. سيزيد مدة التنفيذ يومين إضافيين.,خدمة مميزة وجهد يشكر عليه الأخ الكريم,https://khamsat.com/programming/content-management-systems/1553785-%D8%A5%D8%B3%D8%AA%D8%AE%D9%84%D8%A7%D8%B5-%D8%A7%D9%84%D8%A8%D9%8A%D8%A7%D9%86%D8%A7%D8%AA-data-scraping,https://avatars.hsoubcdn.com/c0660eb1adc6f66b04a9edd296fab542?s=128
 ٌإستخلاص البيانات Data Scraping ,"
      إستخراج البيانات من صفحات الويب في المواقع باستخدام لغة البايثون, وحفظ البيانات أو معالجتها حسب الحاجة,-استخراج البيانات المطلوبة من 500 صفحة بمقابل 5$,إتفاقية الاستخدام:,1- الخدمة تقتصر على موقع واحد,2- يجب أن تكون البيانات مرئية ومتاحة,3- توفير رابط الموقع الذي يحتوي على البيانات,4- الخدمة لاتشمل الكود
    ",Yassine Farhi,"python,data,البيانات,تجريف,scraping,bs4,datascraping", 4 ساعات,أربعة أيام,1,تطوير2+,مقابل 15.00$ إضافية على سعر الخدمة. سيزيد مدة التنفيذ يوم إضافي.,خدمة مميزة وجهد يشكر عليه الأخ الكريم,https://khamsat.com/programming/content-management-systems/1553785-%D8%A5%D8%B3%D8%AA%D8%AE%D9%84%D8%A7%D8%B5-%D8%A7%D9%84%D8%A8%D9%8A%D8%A7%D9%86%D8%A7%D8%AA-data-scraping,https://avatars.hsoubcdn.com/c0660eb1adc6f66b04a9edd296fab542?s=128
 ٌإستخلاص البيانات Data Scraping ,"
      إستخراج البيانات من صفحات الويب في المواقع باستخدام لغة البايثون, وحفظ البيانات أو معالجتها حسب الحاجة,-استخراج البيانات المطلوبة من 500 صفحة بمقابل 5$,إتفاقية الاستخدام:,1- الخدمة تقتصر على موقع واحد,2- يجب أن تكون البيانات مرئية ومتاحة,3- توفير رابط الموقع الذي يحتوي على البيانات,4- الخدمة لاتشمل الكود
    ",Yassine Farhi,"python,data,البيانات,تجريف,scraping,bs4,datascraping", 4 ساعات,أربعة أيام,1,كود سورس لاسخراج البيانات,مقابل 45.00$ إضافية على سعر الخدمة. سيزيد مدة التنفيذ يوم إضافي.,خدمة مميزة وجهد يشكر عليه الأخ الكريم,https://khamsat.com/programming/content-management-systems/1553785-%D8%A5%D8%B3%D8%AA%D8%AE%D9%84%D8%A7%D8%B5-%D8%A7%D9%84%D8%A8%D9%8A%D8%A7%D9%86%D8%A7%D8%AA-data-scraping,https://avatars.hsoubcdn.com/c0660eb1adc6f66b04a9edd296fab542?s=128
 استخراج البيانات من صفحات الويب و تنظيمها ,"
      وصف مقدم الخدمة:,مبرمج لغة Python منذ 3 سنوات و متخصص في مجال الData science,وصف الخدمة:,استخراج البيانات من مواقع الويب المختلفه,يتم استخراج اول 10000 صفحه مقابل 5$ !,سأقوم باستخراج البيانات ( Web Crawling, Data Extraction, Web Scraping) من مواقع الانترنت المختلفه ,صيفة البيانات المستخرجه : (csv, json, xml, txt), لغة البرمجة: python,الإطارات:  scrapy, selenium webdriver, bs4,- الشروط المطلوبه :,يجب تحديد المعلومات التي تريد استخراجها,يجب توفير رابط للموقع الذي تريد استخراج البيانات منه,الخدمه يمكن ان تشمل الكود البرمجي(يتم الاتفاق عليها)
    ",Hamza Benhammouda,"python,بايثون,web,data,البيانات,science,mining,اسخراج,extraction,scarping", يوم,يوم واحد,1,إطلب الكود البرمجي لاستخراج لا محدود,مقابل 30.00$ إضافية على سعر الخدمة.,الف شكر اخى,https://khamsat.com/programming/programming-services/1342092-%D8%A7%D8%B3%D8%AA%D8%AE%D8%B1%D8%A7%D8%AC-%D8%A7%D9%84%D8%A8%D9%8A%D8%A7%D9%86%D8%A7%D8%AA-%D9%85%D9%86-%D8%B5%D9%81%D8%AD%D8%A7%D8%AA-%D8%A7%D9%84%D9%88%D9%8A%D8%A8-%D9%88-%D8%AA%D9%86%D8%B8%D9%8A%D9%85%D9%87%D8%A7,https://avatars.hsoubcdn.com/b23e8caf2daacd154de78ffab9f15882?s=128
 استخراج البيانات من المواقع (Web Scraping) ,"
      مرحباً بكم,إسمي محمود محمد رمضان, مهندس برمجيات.,- أعمل في مجال تطبيقات سطح المكتب منذ 4 سنوات.,- أُجيد التعامل مع لغة السي شارب ومكتبة HtmlAgilityPack ما يٌمكنني من العمل بشكل مُتقن ودقيق حسب المواصفات المطلوبة.,- أٌقدم في هذه الخدمة إستخراج البيانات من عدد 5 صفحات.,- ما ستحصُل عليه مقابل الخدمة:,* البيانات التي تم إستخراجها من موقع واحد أو عدة مواقع بأي صيغة تُريدها مثل txt, XLSX, csv, JSON وغيرهم من أنواع الملفات.,# هذا رابط معرض أعمالي,https://mostaql.com/u/M_Ramada/portfolio
    ",Mahmoud Ramadan,"تطوير,برامج,web,استخراج,سطح,مكتب,scraping", 21 دقيقة,يومين,1,إستخراج بيانات تتكون من عدد 10 صفحات وعرضها فقط.,مقابل 20.00$ إضافية على سعر الخدمة. سيزيد مدة التنفيذ يومين إضافيين.,الله يعطيك العافيه أخ محمد,https://khamsat.com/programming/desktop-app/1495583-%D8%A7%D8%B3%D8%AA%D8%AE%D8%B1%D8%A7%D8%AC-%D8%A7%D9%84%D8%A8%D9%8A%D8%A7%D9%86%D8%A7%D8%AA-%D9%85%D9%86-%D8%A7%D9%84%D9%85%D9%88%D8%A7%D9%82%D8%B9-web-scraping,https://avatars.hsoubcdn.com/0f6cb1efa6a4973ea7b6c44838307eaf?s=128
 استخراج البيانات من المواقع (Web Scraping) ,"
      مرحباً بكم,إسمي محمود محمد رمضان, مهندس برمجيات.,- أعمل في مجال تطبيقات سطح المكتب منذ 4 سنوات.,- أُجيد التعامل مع لغة السي شارب ومكتبة HtmlAgilityPack ما يٌمكنني من العمل بشكل مُتقن ودقيق حسب المواصفات المطلوبة.,- أٌقدم في هذه الخدمة إستخراج البيانات من عدد 5 صفحات.,- ما ستحصُل عليه مقابل الخدمة:,* البيانات التي تم إستخراجها من موقع واحد أو عدة مواقع بأي صيغة تُريدها مثل txt, XLSX, csv, JSON وغيرهم من أنواع الملفات.,# هذا رابط معرض أعمالي,https://mostaql.com/u/M_Ramada/portfolio
    ",Mahmoud Ramadan,"تطوير,برامج,web,استخراج,سطح,مكتب,scraping", 21 دقيقة,يومين,1,إستخراج بيانات تتكون من عدد 10 صفحات وحفظها في قاعدة البيانات.,مقابل 30.00$ إضافية على سعر الخدمة. سيزيد مدة التنفيذ 4 أيام إضافية.,الله يعطيك العافيه أخ محمد,https://khamsat.com/programming/desktop-app/1495583-%D8%A7%D8%B3%D8%AA%D8%AE%D8%B1%D8%A7%D8%AC-%D8%A7%D9%84%D8%A8%D9%8A%D8%A7%D9%86%D8%A7%D8%AA-%D9%85%D9%86-%D8%A7%D9%84%D9%85%D9%88%D8%A7%D9%82%D8%B9-web-scraping,https://avatars.hsoubcdn.com/0f6cb1efa6a4973ea7b6c44838307eaf?s=128
 استخراج البيانات من المواقع (Web Scraping) ,"
      مرحباً بكم,إسمي محمود محمد رمضان, مهندس برمجيات.,- أعمل في مجال تطبيقات سطح المكتب منذ 4 سنوات.,- أُجيد التعامل مع لغة السي شارب ومكتبة HtmlAgilityPack ما يٌمكنني من العمل بشكل مُتقن ودقيق حسب المواصفات المطلوبة.,- أٌقدم في هذه الخدمة إستخراج البيانات من عدد 5 صفحات.,- ما ستحصُل عليه مقابل الخدمة:,* البيانات التي تم إستخراجها من موقع واحد أو عدة مواقع بأي صيغة تُريدها مثل txt, XLSX, csv, JSON وغيرهم من أنواع الملفات.,# هذا رابط معرض أعمالي,https://mostaql.com/u/M_Ramada/portfolio
    ",Mahmoud Ramadan,"تطوير,برامج,web,استخراج,سطح,مكتب,scraping", 21 دقيقة,يومين,1,عمل أتمتة بحث موقع و إستخراج نتائج البحث لعدد 10 صفحات.,مقابل 50.00$ إضافية على سعر الخدمة. سيزيد مدة التنفيذ 7 أيام إضافية.,الله يعطيك العافيه أخ محمد,https://khamsat.com/programming/desktop-app/1495583-%D8%A7%D8%B3%D8%AA%D8%AE%D8%B1%D8%A7%D8%AC-%D8%A7%D9%84%D8%A8%D9%8A%D8%A7%D9%86%D8%A7%D8%AA-%D9%85%D9%86-%D8%A7%D9%84%D9%85%D9%88%D8%A7%D9%82%D8%B9-web-scraping,https://avatars.hsoubcdn.com/0f6cb1efa6a4973ea7b6c44838307eaf?s=128
 استخراج البيانات من المواقع (Web Scraping) ,"
      مرحباً بكم,إسمي محمود محمد رمضان, مهندس برمجيات.,- أعمل في مجال تطبيقات سطح المكتب منذ 4 سنوات.,- أُجيد التعامل مع لغة السي شارب ومكتبة HtmlAgilityPack ما يٌمكنني من العمل بشكل مُتقن ودقيق حسب المواصفات المطلوبة.,- أٌقدم في هذه الخدمة إستخراج البيانات من عدد 5 صفحات.,- ما ستحصُل عليه مقابل الخدمة:,* البيانات التي تم إستخراجها من موقع واحد أو عدة مواقع بأي صيغة تُريدها مثل txt, XLSX, csv, JSON وغيرهم من أنواع الملفات.,# هذا رابط معرض أعمالي,https://mostaql.com/u/M_Ramada/portfolio
    ",Mahmoud Ramadan,"تطوير,برامج,web,استخراج,سطح,مكتب,scraping", 21 دقيقة,يومين,1,عمل أتمتة بحث موقع و إستخراج نتائج البحث لعدد 10 صفحات وحفظها في قواعد البيانات.,مقابل 100.00$ إضافية على سعر الخدمة. سيزيد مدة التنفيذ 14 يوم إضافي.,الله يعطيك العافيه أخ محمد,https://khamsat.com/programming/desktop-app/1495583-%D8%A7%D8%B3%D8%AA%D8%AE%D8%B1%D8%A7%D8%AC-%D8%A7%D9%84%D8%A8%D9%8A%D8%A7%D9%86%D8%A7%D8%AA-%D9%85%D9%86-%D8%A7%D9%84%D9%85%D9%88%D8%A7%D9%82%D8%B9-web-scraping,https://avatars.hsoubcdn.com/0f6cb1efa6a4973ea7b6c44838307eaf?s=128
 استخراج البيانات من مواقع الانترنت المختلفة (Web Scraping) ,"
      مقابل 5$ دولار يتم استخراج 300 سطر سأقوم باستخراج البيانات,من أي موقع على الإنترنت باستخدام لغة بايثون,وتقديم النتيجة بواحد من الصيغ التالية:,- XLSX,- CSV,- JSON,من فضلكم للبدء في المشروع يشترط:,ـ أن تكون البيانات المطلوب استخراجها متاحة للعموم,ـ ألا يتم استخدام البيانات المستخرجة بشكل غير قانوني,نضمن لكم إن شاء الله:,- التسليم في الموعد المحدد,- الرضا التام عن مستوى وأداء الخدمة,- بالطبع يمكنك المتابعة بعد التسليم,لرؤية أعمالي المتاحة للعرض:,https://mostaql.com/u/wssam_hassan/portfolio,ولمزيد من الإضافات يرجى مراجعة قسم تطويرات الخدمة ...
    ",وسام حسن,"برمجة,بايثون,ويب,web,سكراب,scraping,scrape", 4 ساعات,يومين,1,استخراج حتى 1000 سطر,مقابل 10.00$ إضافية على سعر الخدمة.,بارك الله فيك,https://khamsat.com/programming/python-programming/1939064-%D8%A7%D8%B3%D8%AA%D8%AE%D8%B1%D8%A7%D8%AC-%D8%A7%D9%84%D8%A8%D9%8A%D8%A7%D9%86%D8%A7%D8%AA-%D9%85%D9%86-%D9%85%D9%88%D8%A7%D9%82%D8%B9-%D8%A7%D9%84%D8%A7%D9%86%D8%AA%D8%B1%D9%86%D8%AA-%D8%A7%D9%84%D9%85%D8%AE%D8%AA%D9%84%D9%81%D8%A9-web-scraping,https://avatars.hsoubcdn.com/6549f99fb07cd8844c40f003bbd950cf?s=128
 استخراج البيانات من مواقع الانترنت المختلفة (Web Scraping) ,"
      مقابل 5$ دولار يتم استخراج 300 سطر سأقوم باستخراج البيانات,من أي موقع على الإنترنت باستخدام لغة بايثون,وتقديم النتيجة بواحد من الصيغ التالية:,- XLSX,- CSV,- JSON,من فضلكم للبدء في المشروع يشترط:,ـ أن تكون البيانات المطلوب استخراجها متاحة للعموم,ـ ألا يتم استخدام البيانات المستخرجة بشكل غير قانوني,نضمن لكم إن شاء الله:,- التسليم في الموعد المحدد,- الرضا التام عن مستوى وأداء الخدمة,- بالطبع يمكنك المتابعة بعد التسليم,لرؤية أعمالي المتاحة للعرض:,https://mostaql.com/u/wssam_hassan/portfolio,ولمزيد من الإضافات يرجى مراجعة قسم تطويرات الخدمة ...
    ",وسام حسن,"برمجة,بايثون,ويب,web,سكراب,scraping,scrape", 4 ساعات,يومين,1,استخراج حتى 2000 سطر,مقابل 15.00$ إضافية على سعر الخدمة.,بارك الله فيك,https://khamsat.com/programming/python-programming/1939064-%D8%A7%D8%B3%D8%AA%D8%AE%D8%B1%D8%A7%D8%AC-%D8%A7%D9%84%D8%A8%D9%8A%D8%A7%D9%86%D8%A7%D8%AA-%D9%85%D9%86-%D9%85%D9%88%D8%A7%D9%82%D8%B9-%D8%A7%D9%84%D8%A7%D9%86%D8%AA%D8%B1%D9%86%D8%AA-%D8%A7%D9%84%D9%85%D8%AE%D8%AA%D9%84%D9%81%D8%A9-web-scraping,https://avatars.hsoubcdn.com/6549f99fb07cd8844c40f003bbd950cf?s=128
 استخراج البيانات من مواقع الانترنت المختلفة (Web Scraping) ,"
      مقابل 5$ دولار يتم استخراج 300 سطر سأقوم باستخراج البيانات,من أي موقع على الإنترنت باستخدام لغة بايثون,وتقديم النتيجة بواحد من الصيغ التالية:,- XLSX,- CSV,- JSON,من فضلكم للبدء في المشروع يشترط:,ـ أن تكون البيانات المطلوب استخراجها متاحة للعموم,ـ ألا يتم استخدام البيانات المستخرجة بشكل غير قانوني,نضمن لكم إن شاء الله:,- التسليم في الموعد المحدد,- الرضا التام عن مستوى وأداء الخدمة,- بالطبع يمكنك المتابعة بعد التسليم,لرؤية أعمالي المتاحة للعرض:,https://mostaql.com/u/wssam_hassan/portfolio,ولمزيد من الإضافات يرجى مراجعة قسم تطويرات الخدمة ...
    ",وسام حسن,"برمجة,بايثون,ويب,web,سكراب,scraping,scrape", 4 ساعات,يومين,1,اضافة تطويرات على عمل البرنامج (إلى حد ثلاث تطويرات),مقابل 25.00$ إضافية على سعر الخدمة. سيزيد مدة التنفيذ يوم إضافي.,بارك الله فيك,https://khamsat.com/programming/python-programming/1939064-%D8%A7%D8%B3%D8%AA%D8%AE%D8%B1%D8%A7%D8%AC-%D8%A7%D9%84%D8%A8%D9%8A%D8%A7%D9%86%D8%A7%D8%AA-%D9%85%D9%86-%D9%85%D9%88%D8%A7%D9%82%D8%B9-%D8%A7%D9%84%D8%A7%D9%86%D8%AA%D8%B1%D9%86%D8%AA-%D8%A7%D9%84%D9%85%D8%AE%D8%AA%D9%84%D9%81%D8%A9-web-scraping,https://avatars.hsoubcdn.com/6549f99fb07cd8844c40f003bbd950cf?s=128
 استخراج البيانات من مواقع الانترنت المختلفة (Web Scraping) ,"
      مقابل 5$ دولار يتم استخراج 300 سطر سأقوم باستخراج البيانات,من أي موقع على الإنترنت باستخدام لغة بايثون,وتقديم النتيجة بواحد من الصيغ التالية:,- XLSX,- CSV,- JSON,من فضلكم للبدء في المشروع يشترط:,ـ أن تكون البيانات المطلوب استخراجها متاحة للعموم,ـ ألا يتم استخدام البيانات المستخرجة بشكل غير قانوني,نضمن لكم إن شاء الله:,- التسليم في الموعد المحدد,- الرضا التام عن مستوى وأداء الخدمة,- بالطبع يمكنك المتابعة بعد التسليم,لرؤية أعمالي المتاحة للعرض:,https://mostaql.com/u/wssam_hassan/portfolio,ولمزيد من الإضافات يرجى مراجعة قسم تطويرات الخدمة ...
    ",وسام حسن,"برمجة,بايثون,ويب,web,سكراب,scraping,scrape", 4 ساعات,يومين,1,تسليم السورس كود للبرنامج مع شرح العمل عليه,مقابل 35.00$ إضافية على سعر الخدمة. سيزيد مدة التنفيذ يومين إضافيين.,بارك الله فيك,https://khamsat.com/programming/python-programming/1939064-%D8%A7%D8%B3%D8%AA%D8%AE%D8%B1%D8%A7%D8%AC-%D8%A7%D9%84%D8%A8%D9%8A%D8%A7%D9%86%D8%A7%D8%AA-%D9%85%D9%86-%D9%85%D9%88%D8%A7%D9%82%D8%B9-%D8%A7%D9%84%D8%A7%D9%86%D8%AA%D8%B1%D9%86%D8%AA-%D8%A7%D9%84%D9%85%D8%AE%D8%AA%D9%84%D9%81%D8%A9-web-scraping,https://avatars.hsoubcdn.com/6549f99fb07cd8844c40f003bbd950cf?s=128
 استخراج وفلترة بيانات من الاف الصفحات وتصديرها :webscraping ,"
      ""Data is the new oil"",ساقوم بتعديل سكريبت حصري ودقيق لاستخراج جميع البيانات المطلوبة من موقع ما ,وجمعها في ملف 2000 rows,مثلا:,* جلب بيانات الكتب (عنوان الكتاب.رابط التحميل, التقيمات ..) من مكتبة الكترونية  ,* استخراج موقع عقارات (المساحة الموقع عدد الغرف ),* طب ,* أرشيف إلكتروني (احصاءات او لعمل دراسة ),* متجر اليكتروني,* تقييمات هذه الخدمة :),* ...,وتصدير بيانات يكون لصيغ التالية excel, csv, json, ..., مثلا استعمال 2000 منتج (السعر الوصف الصورة) فى مواقع الوردبريس, ,- شرط ان تكون البيانات متاحة لعامة ولا يحتوي الموقع المطلوب بند يمنع ذالك.
    ",Nabil Lakrib,"من,web,بيانات,الويب,جلب,حصول,data,استخراج,مسح,mining,scraping,crawling,extraction", ساعة,يوم واحد,10,سحب 3000 من البيانات,مقابل 5.00$ إضافية على سعر الخدمة.,ثاني تعامل مع الاخ نبيل,https://khamsat.com/business/data-entry/1084553-%D8%A7%D8%B3%D8%AA%D8%AE%D8%B1%D8%A7%D8%AC-%D9%88%D9%81%D9%84%D8%AA%D8%B1%D8%A9-%D8%A8%D9%8A%D8%A7%D9%86%D8%A7%D8%AA-%D9%85%D9%86-%D8%A7%D9%84%D8%A7%D9%81-%D8%A7%D9%84%D8%B5%D9%81%D8%AD%D8%A7%D8%AA-%D9%88%D8%AA%D8%B5%D8%AF%D9%8A%D8%B1%D9%87%D8%A7-webscraping,https://avatars.hsoubcdn.com/fb2f5cb6af6b0644beb5e58edc25a6ab?s=128
 استخراج وفلترة بيانات من الاف الصفحات وتصديرها :webscraping ,"
      ""Data is the new oil"",ساقوم بتعديل سكريبت حصري ودقيق لاستخراج جميع البيانات المطلوبة من موقع ما ,وجمعها في ملف 2000 rows,مثلا:,* جلب بيانات الكتب (عنوان الكتاب.رابط التحميل, التقيمات ..) من مكتبة الكترونية  ,* استخراج موقع عقارات (المساحة الموقع عدد الغرف ),* طب ,* أرشيف إلكتروني (احصاءات او لعمل دراسة ),* متجر اليكتروني,* تقييمات هذه الخدمة :),* ...,وتصدير بيانات يكون لصيغ التالية excel, csv, json, ..., مثلا استعمال 2000 منتج (السعر الوصف الصورة) فى مواقع الوردبريس, ,- شرط ان تكون البيانات متاحة لعامة ولا يحتوي الموقع المطلوب بند يمنع ذالك.
    ",Nabil Lakrib,"من,web,بيانات,الويب,جلب,حصول,data,استخراج,مسح,mining,scraping,crawling,extraction", ساعة,يوم واحد,10,سحب 9000 من البيانات,مقابل 10.00$ إضافية على سعر الخدمة.,ثاني تعامل مع الاخ نبيل,https://khamsat.com/business/data-entry/1084553-%D8%A7%D8%B3%D8%AA%D8%AE%D8%B1%D8%A7%D8%AC-%D9%88%D9%81%D9%84%D8%AA%D8%B1%D8%A9-%D8%A8%D9%8A%D8%A7%D9%86%D8%A7%D8%AA-%D9%85%D9%86-%D8%A7%D9%84%D8%A7%D9%81-%D8%A7%D9%84%D8%B5%D9%81%D8%AD%D8%A7%D8%AA-%D9%88%D8%AA%D8%B5%D8%AF%D9%8A%D8%B1%D9%87%D8%A7-webscraping,https://avatars.hsoubcdn.com/fb2f5cb6af6b0644beb5e58edc25a6ab?s=128
 استخراج وفلترة بيانات من الاف الصفحات وتصديرها :webscraping ,"
      ""Data is the new oil"",ساقوم بتعديل سكريبت حصري ودقيق لاستخراج جميع البيانات المطلوبة من موقع ما ,وجمعها في ملف 2000 rows,مثلا:,* جلب بيانات الكتب (عنوان الكتاب.رابط التحميل, التقيمات ..) من مكتبة الكترونية  ,* استخراج موقع عقارات (المساحة الموقع عدد الغرف ),* طب ,* أرشيف إلكتروني (احصاءات او لعمل دراسة ),* متجر اليكتروني,* تقييمات هذه الخدمة :),* ...,وتصدير بيانات يكون لصيغ التالية excel, csv, json, ..., مثلا استعمال 2000 منتج (السعر الوصف الصورة) فى مواقع الوردبريس, ,- شرط ان تكون البيانات متاحة لعامة ولا يحتوي الموقع المطلوب بند يمنع ذالك.
    ",Nabil Lakrib,"من,web,بيانات,الويب,جلب,حصول,data,استخراج,مسح,mining,scraping,crawling,extraction", ساعة,يوم واحد,10,سحب 100 الف من البيانات,مقابل 40.00$ إضافية على سعر الخدمة.,ثاني تعامل مع الاخ نبيل,https://khamsat.com/business/data-entry/1084553-%D8%A7%D8%B3%D8%AA%D8%AE%D8%B1%D8%A7%D8%AC-%D9%88%D9%81%D9%84%D8%AA%D8%B1%D8%A9-%D8%A8%D9%8A%D8%A7%D9%86%D8%A7%D8%AA-%D9%85%D9%86-%D8%A7%D9%84%D8%A7%D9%81-%D8%A7%D9%84%D8%B5%D9%81%D8%AD%D8%A7%D8%AA-%D9%88%D8%AA%D8%B5%D8%AF%D9%8A%D8%B1%D9%87%D8%A7-webscraping,https://avatars.hsoubcdn.com/fb2f5cb6af6b0644beb5e58edc25a6ab?s=128
 برمجة PHP بأطار عمل Laravel ,"
      *سوف اقوم بتطبيق افكارك وتحويلها الى واقع *,يمكنك ان تطلب  احد العنواين المدرجة من خلال هذه الخدمة,Full Website Development,Front End Modification,Back End Integration,New Modules Addition,Scripts Installation,Errors/Bugs Fixes,Website Customization,Database Integration,API Integration,Web Scraping,على ماذا ستحصل من خلال هذه الخدمة ؟,Full functional website,Unique Front End Design,Manageable Back End,Secured Website & Database,Responsive Design,Errors/Bugs Free,Cross Browser Compatibility,Source Code,ماذا سوف اقدم مقابل كل 5$,برمجة مشروع من 4 صفحات تتكون (Create, read, update and delete) ويرمز لها ب CRUD,او ,اصلاح عطل في موقعك يتعلق في php ,laravel ,html ,css,js,*لا اوفر تعديلات يمكنك الاتفاق على عدد معين عند الطلب ,ولن اقدم اي شيء اخر لم يتم ذكرة هنا او في الطلب ,تملك حق الالغاء فقط  ان كان المشروع لا يعمل (خلل برمجي ) ولن يتم الالغاء بخلاف ذالك ,سوف تجد في الاسفل شرح لكل تطوير اقدمه
    ",ابراهيم الدليمي,"برمجة,تطوير,html,css,php,mysql,ويب,تطبيقات,تصليح,عطل,laravel,crud", 13 ساعة,يوم واحد,11,تركيب او تعديل تصميم,مقابل 10.00$ إضافية على سعر الخدمة. سيزيد مدة التنفيذ 3 أيام إضافية.,شخص صادق، رغم التأخير الغير متوقع,https://khamsat.com/programming/php-programming/1612744-%D8%A8%D8%B1%D9%85%D8%AC%D8%A9-php-%D8%A8%D8%A3%D8%B7%D8%A7%D8%B1-%D8%B9%D9%85%D9%84-laravel,https://avatars.hsoubcdn.com/d3b443b6098d75de46337155758f91f4?s=128
 برمجة PHP بأطار عمل Laravel ,"
      *سوف اقوم بتطبيق افكارك وتحويلها الى واقع *,يمكنك ان تطلب  احد العنواين المدرجة من خلال هذه الخدمة,Full Website Development,Front End Modification,Back End Integration,New Modules Addition,Scripts Installation,Errors/Bugs Fixes,Website Customization,Database Integration,API Integration,Web Scraping,على ماذا ستحصل من خلال هذه الخدمة ؟,Full functional website,Unique Front End Design,Manageable Back End,Secured Website & Database,Responsive Design,Errors/Bugs Free,Cross Browser Compatibility,Source Code,ماذا سوف اقدم مقابل كل 5$,برمجة مشروع من 4 صفحات تتكون (Create, read, update and delete) ويرمز لها ب CRUD,او ,اصلاح عطل في موقعك يتعلق في php ,laravel ,html ,css,js,*لا اوفر تعديلات يمكنك الاتفاق على عدد معين عند الطلب ,ولن اقدم اي شيء اخر لم يتم ذكرة هنا او في الطلب ,تملك حق الالغاء فقط  ان كان المشروع لا يعمل (خلل برمجي ) ولن يتم الالغاء بخلاف ذالك ,سوف تجد في الاسفل شرح لكل تطوير اقدمه
    ",ابراهيم الدليمي,"برمجة,تطوير,html,css,php,mysql,ويب,تطبيقات,تصليح,عطل,laravel,crud", 13 ساعة,يوم واحد,11,تحويل سكربت / مشروع الى برنامج - PHP الى EXE,مقابل 45.00$ إضافية على سعر الخدمة. سيزيد مدة التنفيذ 5 أيام إضافية.,شخص صادق، رغم التأخير الغير متوقع,https://khamsat.com/programming/php-programming/1612744-%D8%A8%D8%B1%D9%85%D8%AC%D8%A9-php-%D8%A8%D8%A3%D8%B7%D8%A7%D8%B1-%D8%B9%D9%85%D9%84-laravel,https://avatars.hsoubcdn.com/d3b443b6098d75de46337155758f91f4?s=128
 برمجة PHP بأطار عمل Laravel ,"
      *سوف اقوم بتطبيق افكارك وتحويلها الى واقع *,يمكنك ان تطلب  احد العنواين المدرجة من خلال هذه الخدمة,Full Website Development,Front End Modification,Back End Integration,New Modules Addition,Scripts Installation,Errors/Bugs Fixes,Website Customization,Database Integration,API Integration,Web Scraping,على ماذا ستحصل من خلال هذه الخدمة ؟,Full functional website,Unique Front End Design,Manageable Back End,Secured Website & Database,Responsive Design,Errors/Bugs Free,Cross Browser Compatibility,Source Code,ماذا سوف اقدم مقابل كل 5$,برمجة مشروع من 4 صفحات تتكون (Create, read, update and delete) ويرمز لها ب CRUD,او ,اصلاح عطل في موقعك يتعلق في php ,laravel ,html ,css,js,*لا اوفر تعديلات يمكنك الاتفاق على عدد معين عند الطلب ,ولن اقدم اي شيء اخر لم يتم ذكرة هنا او في الطلب ,تملك حق الالغاء فقط  ان كان المشروع لا يعمل (خلل برمجي ) ولن يتم الالغاء بخلاف ذالك ,سوف تجد في الاسفل شرح لكل تطوير اقدمه
    ",ابراهيم الدليمي,"برمجة,تطوير,html,css,php,mysql,ويب,تطبيقات,تصليح,عطل,laravel,crud", 13 ساعة,يوم واحد,11,بناء مشروع متوسط (مثل ادارة سيرفر للالعاب ) (8*CRUD),مقابل 100.00$ إضافية على سعر الخدمة. سيزيد مدة التنفيذ 14 يوم إضافي.,شخص صادق، رغم التأخير الغير متوقع,https://khamsat.com/programming/php-programming/1612744-%D8%A8%D8%B1%D9%85%D8%AC%D8%A9-php-%D8%A8%D8%A3%D8%B7%D8%A7%D8%B1-%D8%B9%D9%85%D9%84-laravel,https://avatars.hsoubcdn.com/d3b443b6098d75de46337155758f91f4?s=128
 برمجة PHP بأطار عمل Laravel ,"
      *سوف اقوم بتطبيق افكارك وتحويلها الى واقع *,يمكنك ان تطلب  احد العنواين المدرجة من خلال هذه الخدمة,Full Website Development,Front End Modification,Back End Integration,New Modules Addition,Scripts Installation,Errors/Bugs Fixes,Website Customization,Database Integration,API Integration,Web Scraping,على ماذا ستحصل من خلال هذه الخدمة ؟,Full functional website,Unique Front End Design,Manageable Back End,Secured Website & Database,Responsive Design,Errors/Bugs Free,Cross Browser Compatibility,Source Code,ماذا سوف اقدم مقابل كل 5$,برمجة مشروع من 4 صفحات تتكون (Create, read, update and delete) ويرمز لها ب CRUD,او ,اصلاح عطل في موقعك يتعلق في php ,laravel ,html ,css,js,*لا اوفر تعديلات يمكنك الاتفاق على عدد معين عند الطلب ,ولن اقدم اي شيء اخر لم يتم ذكرة هنا او في الطلب ,تملك حق الالغاء فقط  ان كان المشروع لا يعمل (خلل برمجي ) ولن يتم الالغاء بخلاف ذالك ,سوف تجد في الاسفل شرح لكل تطوير اقدمه
    ",ابراهيم الدليمي,"برمجة,تطوير,html,css,php,mysql,ويب,تطبيقات,تصليح,عطل,laravel,crud", 13 ساعة,يوم واحد,11,"بناء مشروع كبير (مثل بوابه دفع ,ادارة مخازن ) (10*CRUD)",مقابل 100.00$ إضافية على سعر الخدمة. سيزيد مدة التنفيذ 21 يوم إضافي.,شخص صادق، رغم التأخير الغير متوقع,https://khamsat.com/programming/php-programming/1612744-%D8%A8%D8%B1%D9%85%D8%AC%D8%A9-php-%D8%A8%D8%A3%D8%B7%D8%A7%D8%B1-%D8%B9%D9%85%D9%84-laravel,https://avatars.hsoubcdn.com/d3b443b6098d75de46337155758f91f4?s=128
 برمجة PHP بأطار عمل Laravel ,"
      *سوف اقوم بتطبيق افكارك وتحويلها الى واقع *,يمكنك ان تطلب  احد العنواين المدرجة من خلال هذه الخدمة,Full Website Development,Front End Modification,Back End Integration,New Modules Addition,Scripts Installation,Errors/Bugs Fixes,Website Customization,Database Integration,API Integration,Web Scraping,على ماذا ستحصل من خلال هذه الخدمة ؟,Full functional website,Unique Front End Design,Manageable Back End,Secured Website & Database,Responsive Design,Errors/Bugs Free,Cross Browser Compatibility,Source Code,ماذا سوف اقدم مقابل كل 5$,برمجة مشروع من 4 صفحات تتكون (Create, read, update and delete) ويرمز لها ب CRUD,او ,اصلاح عطل في موقعك يتعلق في php ,laravel ,html ,css,js,*لا اوفر تعديلات يمكنك الاتفاق على عدد معين عند الطلب ,ولن اقدم اي شيء اخر لم يتم ذكرة هنا او في الطلب ,تملك حق الالغاء فقط  ان كان المشروع لا يعمل (خلل برمجي ) ولن يتم الالغاء بخلاف ذالك ,سوف تجد في الاسفل شرح لكل تطوير اقدمه
    ",ابراهيم الدليمي,"برمجة,تطوير,html,css,php,mysql,ويب,تطبيقات,تصليح,عطل,laravel,crud", 13 ساعة,يوم واحد,11,"(10*CRUD) بناء خدمات الويب, API ,web Services, RESTFUL",مقابل 100.00$ إضافية على سعر الخدمة. سيزيد مدة التنفيذ يوم إضافي.,شخص صادق، رغم التأخير الغير متوقع,https://khamsat.com/programming/php-programming/1612744-%D8%A8%D8%B1%D9%85%D8%AC%D8%A9-php-%D8%A8%D8%A3%D8%B7%D8%A7%D8%B1-%D8%B9%D9%85%D9%84-laravel,https://avatars.hsoubcdn.com/d3b443b6098d75de46337155758f91f4?s=128
 استخراج بيانات من المواقع المختلفة  Python web scraping ,"
      *** فى هذه الخدمة سوف اقوم بما يلي.., - جمع البيانات من نتائج البحث المختلفة.,- جمع البيانات من المتاجر الالكترونية ك امازون و ebay وسوق,- جمع البيانات من موقع ويكبيديا و مواقع الشركات و الفنادق و غيرها,-تصدير البيانات بأي صيغة ترغب بها (.. ,excel, CSV, JSON, txt),-يمكن ايضا استخراج أسماء منتجات أو صور او اي بيانات أخري من مواقع الويب,***  شروط الخدمة:,-الطلب يكون لموقع واحد فقط,-يجب ألا يخالف ذلك شروط استخدام الموقع المراد إستخراج البيانات منه,-يجب أن تكون البيانات مرئية ومتاحة للجمهور,-يجب ألا يتم إساءة إستخدام البيانات بأي طريقة,-البيانات يتم إستخراجها كما هي موجودة في الموقع بدون تعديلات
    ",ناهد الشريف,"مواقع,بايثون,ويب,web,بيانات,استخراج,scraping", يوم,يوم واحد,1,استخراج بيانات لصفحه اضافية,مقابل 5.00$ إضافية على سعر الخدمة. سيزيد مدة التنفيذ يوم إضافي.,ما شاء الله شغل متقن,https://khamsat.com/business/virtual-assistant/1529308-%D8%A7%D8%B3%D8%AA%D8%AE%D8%B1%D8%A7%D8%AC-%D8%A8%D9%8A%D8%A7%D9%86%D8%A7%D8%AA-%D9%85%D9%86-%D8%A7%D9%84%D9%85%D9%88%D8%A7%D9%82%D8%B9-%D8%A7%D9%84%D9%85%D8%AE%D8%AA%D9%84%D9%81%D8%A9-python-web-scraping,https://avatars.hsoubcdn.com/030f5f32cbbc25715d9668afabd822c5?s=128
 استخراج بيانات من المواقع المختلفة  Python web scraping ,"
      *** فى هذه الخدمة سوف اقوم بما يلي.., - جمع البيانات من نتائج البحث المختلفة.,- جمع البيانات من المتاجر الالكترونية ك امازون و ebay وسوق,- جمع البيانات من موقع ويكبيديا و مواقع الشركات و الفنادق و غيرها,-تصدير البيانات بأي صيغة ترغب بها (.. ,excel, CSV, JSON, txt),-يمكن ايضا استخراج أسماء منتجات أو صور او اي بيانات أخري من مواقع الويب,***  شروط الخدمة:,-الطلب يكون لموقع واحد فقط,-يجب ألا يخالف ذلك شروط استخدام الموقع المراد إستخراج البيانات منه,-يجب أن تكون البيانات مرئية ومتاحة للجمهور,-يجب ألا يتم إساءة إستخدام البيانات بأي طريقة,-البيانات يتم إستخراجها كما هي موجودة في الموقع بدون تعديلات
    ",ناهد الشريف,"مواقع,بايثون,ويب,web,بيانات,استخراج,scraping", يوم,يوم واحد,1,طلب تعديل على البيانات,مقابل 10.00$ إضافية على سعر الخدمة. سيزيد مدة التنفيذ يومين إضافيين.,ما شاء الله شغل متقن,https://khamsat.com/business/virtual-assistant/1529308-%D8%A7%D8%B3%D8%AA%D8%AE%D8%B1%D8%A7%D8%AC-%D8%A8%D9%8A%D8%A7%D9%86%D8%A7%D8%AA-%D9%85%D9%86-%D8%A7%D9%84%D9%85%D9%88%D8%A7%D9%82%D8%B9-%D8%A7%D9%84%D9%85%D8%AE%D8%AA%D9%84%D9%81%D8%A9-python-web-scraping,https://avatars.hsoubcdn.com/030f5f32cbbc25715d9668afabd822c5?s=128
 استخراج بيانات من المواقع المختلفة  Python web scraping ,"
      *** فى هذه الخدمة سوف اقوم بما يلي.., - جمع البيانات من نتائج البحث المختلفة.,- جمع البيانات من المتاجر الالكترونية ك امازون و ebay وسوق,- جمع البيانات من موقع ويكبيديا و مواقع الشركات و الفنادق و غيرها,-تصدير البيانات بأي صيغة ترغب بها (.. ,excel, CSV, JSON, txt),-يمكن ايضا استخراج أسماء منتجات أو صور او اي بيانات أخري من مواقع الويب,***  شروط الخدمة:,-الطلب يكون لموقع واحد فقط,-يجب ألا يخالف ذلك شروط استخدام الموقع المراد إستخراج البيانات منه,-يجب أن تكون البيانات مرئية ومتاحة للجمهور,-يجب ألا يتم إساءة إستخدام البيانات بأي طريقة,-البيانات يتم إستخراجها كما هي موجودة في الموقع بدون تعديلات
    ",ناهد الشريف,"مواقع,بايثون,ويب,web,بيانات,استخراج,scraping", يوم,يوم واحد,1,استخراج كامل لما تريد,مقابل 25.00$ إضافية على سعر الخدمة. سيزيد مدة التنفيذ 3 أيام إضافية.,ما شاء الله شغل متقن,https://khamsat.com/business/virtual-assistant/1529308-%D8%A7%D8%B3%D8%AA%D8%AE%D8%B1%D8%A7%D8%AC-%D8%A8%D9%8A%D8%A7%D9%86%D8%A7%D8%AA-%D9%85%D9%86-%D8%A7%D9%84%D9%85%D9%88%D8%A7%D9%82%D8%B9-%D8%A7%D9%84%D9%85%D8%AE%D8%AA%D9%84%D9%81%D8%A9-python-web-scraping,https://avatars.hsoubcdn.com/030f5f32cbbc25715d9668afabd822c5?s=128
 استخراج بيانات من المواقع المختلفة  Python web scraping ,"
      *** فى هذه الخدمة سوف اقوم بما يلي.., - جمع البيانات من نتائج البحث المختلفة.,- جمع البيانات من المتاجر الالكترونية ك امازون و ebay وسوق,- جمع البيانات من موقع ويكبيديا و مواقع الشركات و الفنادق و غيرها,-تصدير البيانات بأي صيغة ترغب بها (.. ,excel, CSV, JSON, txt),-يمكن ايضا استخراج أسماء منتجات أو صور او اي بيانات أخري من مواقع الويب,***  شروط الخدمة:,-الطلب يكون لموقع واحد فقط,-يجب ألا يخالف ذلك شروط استخدام الموقع المراد إستخراج البيانات منه,-يجب أن تكون البيانات مرئية ومتاحة للجمهور,-يجب ألا يتم إساءة إستخدام البيانات بأي طريقة,-البيانات يتم إستخراجها كما هي موجودة في الموقع بدون تعديلات
    ",ناهد الشريف,"مواقع,بايثون,ويب,web,بيانات,استخراج,scraping", يوم,يوم واحد,1,تسليم السورس كود,مقابل 75.00$ إضافية على سعر الخدمة. سيزيد مدة التنفيذ 4 أيام إضافية.,ما شاء الله شغل متقن,https://khamsat.com/business/virtual-assistant/1529308-%D8%A7%D8%B3%D8%AA%D8%AE%D8%B1%D8%A7%D8%AC-%D8%A8%D9%8A%D8%A7%D9%86%D8%A7%D8%AA-%D9%85%D9%86-%D8%A7%D9%84%D9%85%D9%88%D8%A7%D9%82%D8%B9-%D8%A7%D9%84%D9%85%D8%AE%D8%AA%D9%84%D9%81%D8%A9-python-web-scraping,https://avatars.hsoubcdn.com/030f5f32cbbc25715d9668afabd822c5?s=128
 إنشاء برنامج نصي (Python) لأي عملية تجريف(SCRAPING) ,"
      إذا كنت تبحث عن جمع مجموعات بيانات لمواقع أو مصادر أخرى ، فأنا هنا.,أنا مطور لغة Python ولدي خبرة 3 سنوات.,أتقن عدة إطارات ( BeautifulSoup, Requests, Selenium...),سوف أقوم بإنشاء برنامج نصي(script) من نوع python ( 200 سطر) لاستخراج البيانات من موقع أو مصادر بيانات أخرى.,- يتم استخراج 100 صفحه مقابل 5 دولار, لا تتردد في طرح أي أسئلة علي.,اراكم قريبا
    ",Ouafi Mameri,"تصميم,facebook,twitter,python,script,data,استخراج,instagram,scraping", 3 ساعات,يوم واحد,3,سأضيف قاعدة بيانات Sql على جهازك,مقابل 10.00$ إضافية على سعر الخدمة. سيزيد مدة التنفيذ يوم إضافي.,عمل رائع وسريع وبالتوفيق,https://khamsat.com/programming/python-programming/1697366-%D8%A5%D9%86%D8%B4%D8%A7%D8%A1-%D8%A8%D8%B1%D9%86%D8%A7%D9%85%D8%AC-%D9%86%D8%B5%D9%8A-python-%D9%84%D8%A3%D9%8A-%D8%B9%D9%85%D9%84%D9%8A%D8%A9-%D8%AA%D8%AC%D8%B1%D9%8A%D9%81scraping,https://avatars.hsoubcdn.com/f97403aba8ac0e7f9ff06b695e57c5db?s=128
 إنشاء برنامج نصي (Python) لأي عملية تجريف(SCRAPING) ,"
      إذا كنت تبحث عن جمع مجموعات بيانات لمواقع أو مصادر أخرى ، فأنا هنا.,أنا مطور لغة Python ولدي خبرة 3 سنوات.,أتقن عدة إطارات ( BeautifulSoup, Requests, Selenium...),سوف أقوم بإنشاء برنامج نصي(script) من نوع python ( 200 سطر) لاستخراج البيانات من موقع أو مصادر بيانات أخرى.,- يتم استخراج 100 صفحه مقابل 5 دولار, لا تتردد في طرح أي أسئلة علي.,اراكم قريبا
    ",Ouafi Mameri,"تصميم,facebook,twitter,python,script,data,استخراج,instagram,scraping", 3 ساعات,يوم واحد,3,تطوير  و إضافة ميزات أخرى.,مقابل 15.00$ إضافية على سعر الخدمة. سيزيد مدة التنفيذ يومين إضافيين.,عمل رائع وسريع وبالتوفيق,https://khamsat.com/programming/python-programming/1697366-%D8%A5%D9%86%D8%B4%D8%A7%D8%A1-%D8%A8%D8%B1%D9%86%D8%A7%D9%85%D8%AC-%D9%86%D8%B5%D9%8A-python-%D9%84%D8%A3%D9%8A-%D8%B9%D9%85%D9%84%D9%8A%D8%A9-%D8%AA%D8%AC%D8%B1%D9%8A%D9%81scraping,https://avatars.hsoubcdn.com/f97403aba8ac0e7f9ff06b695e57c5db?s=128
 إنشاء برنامج نصي (Python) لأي عملية تجريف(SCRAPING) ,"
      إذا كنت تبحث عن جمع مجموعات بيانات لمواقع أو مصادر أخرى ، فأنا هنا.,أنا مطور لغة Python ولدي خبرة 3 سنوات.,أتقن عدة إطارات ( BeautifulSoup, Requests, Selenium...),سوف أقوم بإنشاء برنامج نصي(script) من نوع python ( 200 سطر) لاستخراج البيانات من موقع أو مصادر بيانات أخرى.,- يتم استخراج 100 صفحه مقابل 5 دولار, لا تتردد في طرح أي أسئلة علي.,اراكم قريبا
    ",Ouafi Mameri,"تصميم,facebook,twitter,python,script,data,استخراج,instagram,scraping", 3 ساعات,يوم واحد,3,ضع البرنامج النصي في واجهة (موقع ويب),مقابل 20.00$ إضافية على سعر الخدمة. سيزيد مدة التنفيذ 3 أيام إضافية.,عمل رائع وسريع وبالتوفيق,https://khamsat.com/programming/python-programming/1697366-%D8%A5%D9%86%D8%B4%D8%A7%D8%A1-%D8%A8%D8%B1%D9%86%D8%A7%D9%85%D8%AC-%D9%86%D8%B5%D9%8A-python-%D9%84%D8%A3%D9%8A-%D8%B9%D9%85%D9%84%D9%8A%D8%A9-%D8%AA%D8%AC%D8%B1%D9%8A%D9%81scraping,https://avatars.hsoubcdn.com/f97403aba8ac0e7f9ff06b695e57c5db?s=128
 إنشاء برنامج نصي (Python) لأي عملية تجريف(SCRAPING) ,"
      إذا كنت تبحث عن جمع مجموعات بيانات لمواقع أو مصادر أخرى ، فأنا هنا.,أنا مطور لغة Python ولدي خبرة 3 سنوات.,أتقن عدة إطارات ( BeautifulSoup, Requests, Selenium...),سوف أقوم بإنشاء برنامج نصي(script) من نوع python ( 200 سطر) لاستخراج البيانات من موقع أو مصادر بيانات أخرى.,- يتم استخراج 100 صفحه مقابل 5 دولار, لا تتردد في طرح أي أسئلة علي.,اراكم قريبا
    ",Ouafi Mameri,"تصميم,facebook,twitter,python,script,data,استخراج,instagram,scraping", 3 ساعات,يوم واحد,3,سأقوم بعمل برنامج نصي لتخصيصه حسب احتياجاتك,مقابل 50.00$ إضافية على سعر الخدمة. سيزيد مدة التنفيذ 5 أيام إضافية.,عمل رائع وسريع وبالتوفيق,https://khamsat.com/programming/python-programming/1697366-%D8%A5%D9%86%D8%B4%D8%A7%D8%A1-%D8%A8%D8%B1%D9%86%D8%A7%D9%85%D8%AC-%D9%86%D8%B5%D9%8A-python-%D9%84%D8%A3%D9%8A-%D8%B9%D9%85%D9%84%D9%8A%D8%A9-%D8%AA%D8%AC%D8%B1%D9%8A%D9%81scraping,https://avatars.hsoubcdn.com/f97403aba8ac0e7f9ff06b695e57c5db?s=128
 إنشاء برنامج نصي (Python) لأي عملية تجريف(SCRAPING) ,"
      إذا كنت تبحث عن جمع مجموعات بيانات لمواقع أو مصادر أخرى ، فأنا هنا.,أنا مطور لغة Python ولدي خبرة 3 سنوات.,أتقن عدة إطارات ( BeautifulSoup, Requests, Selenium...),سوف أقوم بإنشاء برنامج نصي(script) من نوع python ( 200 سطر) لاستخراج البيانات من موقع أو مصادر بيانات أخرى.,- يتم استخراج 100 صفحه مقابل 5 دولار, لا تتردد في طرح أي أسئلة علي.,اراكم قريبا
    ",Ouafi Mameri,"تصميم,facebook,twitter,python,script,data,استخراج,instagram,scraping", 3 ساعات,يوم واحد,3,سأقوم بإنشاء برنامج نصي مخصص لك وسأدعمك في التثبيت وتصحيح الأخطاء,مقابل 100.00$ إضافية على سعر الخدمة. سيزيد مدة التنفيذ 7 أيام إضافية.,عمل رائع وسريع وبالتوفيق,https://khamsat.com/programming/python-programming/1697366-%D8%A5%D9%86%D8%B4%D8%A7%D8%A1-%D8%A8%D8%B1%D9%86%D8%A7%D9%85%D8%AC-%D9%86%D8%B5%D9%8A-python-%D9%84%D8%A3%D9%8A-%D8%B9%D9%85%D9%84%D9%8A%D8%A9-%D8%AA%D8%AC%D8%B1%D9%8A%D9%81scraping,https://avatars.hsoubcdn.com/f97403aba8ac0e7f9ff06b695e57c5db?s=128
 برمجة اسكربت بلغة بايثون (25 كود برمجي) ,"
      سأساعدك في برمجة اي اسكربت وبناء اي سوفتوير تريده بإستخدام لغة بايثون.,يمكن من خلال لغة بايثون برمجة كثير من التطبيقات المتعدده في كثير من المجالات المختلفه,Desktop Applications, Mobile Applications, Data Science, Scraping, Database, API
    ",Mohamed Gamal,"تصميم,تطوير,بايثون,اسكربت", ساعة,أسبوع,1,استشاره او حل مشاكل برمجيه,مقابل 15.00$ إضافية على سعر الخدمة. سيزيد مدة التنفيذ يوم إضافي.,تسلم ايدك يا هندسة الله ينور,https://khamsat.com/programming/python-programming/1275450-%D8%A8%D8%B1%D9%85%D8%AC%D8%A9-%D8%A7%D8%B3%D9%83%D8%B1%D8%A8%D8%AA-%D8%A8%D9%84%D8%BA%D8%A9-%D8%A8%D8%A7%D9%8A%D8%AB%D9%88%D9%86-25-%D9%83%D9%88%D8%AF-%D8%A8%D8%B1%D9%85%D8%AC%D9%8A,https://avatars.hsoubcdn.com/05a8f71a9535d5c5976f951223d67af0?s=128
 برمجة اسكربت بلغة بايثون (25 كود برمجي) ,"
      سأساعدك في برمجة اي اسكربت وبناء اي سوفتوير تريده بإستخدام لغة بايثون.,يمكن من خلال لغة بايثون برمجة كثير من التطبيقات المتعدده في كثير من المجالات المختلفه,Desktop Applications, Mobile Applications, Data Science, Scraping, Database, API
    ",Mohamed Gamal,"تصميم,تطوير,بايثون,اسكربت", ساعة,أسبوع,1,استخدام APIs خاصه بخدمات اخري,مقابل 25.00$ إضافية على سعر الخدمة. سيزيد مدة التنفيذ 5 أيام إضافية.,تسلم ايدك يا هندسة الله ينور,https://khamsat.com/programming/python-programming/1275450-%D8%A8%D8%B1%D9%85%D8%AC%D8%A9-%D8%A7%D8%B3%D9%83%D8%B1%D8%A8%D8%AA-%D8%A8%D9%84%D8%BA%D8%A9-%D8%A8%D8%A7%D9%8A%D8%AB%D9%88%D9%86-25-%D9%83%D9%88%D8%AF-%D8%A8%D8%B1%D9%85%D8%AC%D9%8A,https://avatars.hsoubcdn.com/05a8f71a9535d5c5976f951223d67af0?s=128
 برمجة اسكربت بلغة بايثون (25 كود برمجي) ,"
      سأساعدك في برمجة اي اسكربت وبناء اي سوفتوير تريده بإستخدام لغة بايثون.,يمكن من خلال لغة بايثون برمجة كثير من التطبيقات المتعدده في كثير من المجالات المختلفه,Desktop Applications, Mobile Applications, Data Science, Scraping, Database, API
    ",Mohamed Gamal,"تصميم,تطوير,بايثون,اسكربت", ساعة,أسبوع,1,Desktop Application,مقابل 45.00$ إضافية على سعر الخدمة. سيزيد مدة التنفيذ 5 أيام إضافية.,تسلم ايدك يا هندسة الله ينور,https://khamsat.com/programming/python-programming/1275450-%D8%A8%D8%B1%D9%85%D8%AC%D8%A9-%D8%A7%D8%B3%D9%83%D8%B1%D8%A8%D8%AA-%D8%A8%D9%84%D8%BA%D8%A9-%D8%A8%D8%A7%D9%8A%D8%AB%D9%88%D9%86-25-%D9%83%D9%88%D8%AF-%D8%A8%D8%B1%D9%85%D8%AC%D9%8A,https://avatars.hsoubcdn.com/05a8f71a9535d5c5976f951223d67af0?s=128
 برمجة اسكربت بلغة بايثون (25 كود برمجي) ,"
      سأساعدك في برمجة اي اسكربت وبناء اي سوفتوير تريده بإستخدام لغة بايثون.,يمكن من خلال لغة بايثون برمجة كثير من التطبيقات المتعدده في كثير من المجالات المختلفه,Desktop Applications, Mobile Applications, Data Science, Scraping, Database, API
    ",Mohamed Gamal,"تصميم,تطوير,بايثون,اسكربت", ساعة,أسبوع,1,Scraping,مقابل 75.00$ إضافية على سعر الخدمة. سيزيد مدة التنفيذ 5 أيام إضافية.,تسلم ايدك يا هندسة الله ينور,https://khamsat.com/programming/python-programming/1275450-%D8%A8%D8%B1%D9%85%D8%AC%D8%A9-%D8%A7%D8%B3%D9%83%D8%B1%D8%A8%D8%AA-%D8%A8%D9%84%D8%BA%D8%A9-%D8%A8%D8%A7%D9%8A%D8%AB%D9%88%D9%86-25-%D9%83%D9%88%D8%AF-%D8%A8%D8%B1%D9%85%D8%AC%D9%8A,https://avatars.hsoubcdn.com/05a8f71a9535d5c5976f951223d67af0?s=128
 برمجة اسكربت بلغة بايثون (25 كود برمجي) ,"
      سأساعدك في برمجة اي اسكربت وبناء اي سوفتوير تريده بإستخدام لغة بايثون.,يمكن من خلال لغة بايثون برمجة كثير من التطبيقات المتعدده في كثير من المجالات المختلفه,Desktop Applications, Mobile Applications, Data Science, Scraping, Database, API
    ",Mohamed Gamal,"تصميم,تطوير,بايثون,اسكربت", ساعة,أسبوع,1,Database و أنظمه كبيره,مقابل 100.00$ إضافية على سعر الخدمة. سيزيد مدة التنفيذ 14 يوم إضافي.,تسلم ايدك يا هندسة الله ينور,https://khamsat.com/programming/python-programming/1275450-%D8%A8%D8%B1%D9%85%D8%AC%D8%A9-%D8%A7%D8%B3%D9%83%D8%B1%D8%A8%D8%AA-%D8%A8%D9%84%D8%BA%D8%A9-%D8%A8%D8%A7%D9%8A%D8%AB%D9%88%D9%86-25-%D9%83%D9%88%D8%AF-%D8%A8%D8%B1%D9%85%D8%AC%D9%8A,https://avatars.hsoubcdn.com/05a8f71a9535d5c5976f951223d67af0?s=128
 إستخراج بيانات اي موقع ويب بكل إحترافيه و تنظيم ,"
      - السلام عليكم -,"" إذا كنت تبحث عن إستخراج بيانات مهمة بالنسبة لك من اي موقع ويب فأنا تحت امرك "",✓ لدي خبرة وسرعة فى إستخراج بيانات المواقع و إدخالها فى هيئة ملفات Excel منظمة .,✓ خبرتى كبيرة في web scraping باستخدام للغة بايثون و قد عملت علي مكتبات :,- مكتبة BeautifulSoup,- مكتبة Requests ,- مكتبة Mechanize,- مكتبة selenium ,- مكتبة pandas ,✓ إختار صيغة الملف الذي سوف يتم ادخال البيانات به :,- ملف csv,- ملف excel,- ملف txt,- ملف Json,• متطلبات الخدمة :,- رابط الموقع الذي تريد استخراج البياناته .,- تحديد البيانات المراد استخراجها من الموقع .,- الانتظار مدة 24 ساعة او 48 كحد اقصي .,- ( ان لم نتفق علي مدة وتفاصيل عمل اكثر ) ,• الخدمة مقابل :,- $5 لعدد 2000 صفحة مستخرجة ,- في حالة وجود صور سوف تستخرج,- 5$ لعدد 500 صورة ,✓ برجاء التواصل اولا لمعرفة كافة التفاصيل وتحديد الوقت المطلوب
    ",Kareem Ahmed,"python,web,بيانات,data,استخراج,extract,mining,scraping,crawling,beautifulsoup", 54 دقيقة,يوم واحد,1,استخراج 500 صورة,مقابل 5.00$ إضافية على سعر الخدمة. سيزيد مدة التنفيذ يوم إضافي.,شخص محترف  و سريع,https://khamsat.com/business/data-entry/1545805-%D8%A5%D8%B3%D8%AA%D8%AE%D8%B1%D8%A7%D8%AC-%D8%A8%D9%8A%D8%A7%D9%86%D8%A7%D8%AA-%D8%A7%D9%8A-%D9%85%D9%88%D9%82%D8%B9-%D9%88%D9%8A%D8%A8-%D8%A8%D9%83%D9%84-%D8%A5%D8%AD%D8%AA%D8%B1%D8%A7%D9%81%D9%8A%D9%87-%D9%88-%D8%AA%D9%86%D8%B8%D9%8A%D9%85,https://avatars.hsoubcdn.com/86dc4f843792188cadda7b381accf8ae?s=128
 إستخراج بيانات اي موقع ويب بكل إحترافيه و تنظيم ,"
      - السلام عليكم -,"" إذا كنت تبحث عن إستخراج بيانات مهمة بالنسبة لك من اي موقع ويب فأنا تحت امرك "",✓ لدي خبرة وسرعة فى إستخراج بيانات المواقع و إدخالها فى هيئة ملفات Excel منظمة .,✓ خبرتى كبيرة في web scraping باستخدام للغة بايثون و قد عملت علي مكتبات :,- مكتبة BeautifulSoup,- مكتبة Requests ,- مكتبة Mechanize,- مكتبة selenium ,- مكتبة pandas ,✓ إختار صيغة الملف الذي سوف يتم ادخال البيانات به :,- ملف csv,- ملف excel,- ملف txt,- ملف Json,• متطلبات الخدمة :,- رابط الموقع الذي تريد استخراج البياناته .,- تحديد البيانات المراد استخراجها من الموقع .,- الانتظار مدة 24 ساعة او 48 كحد اقصي .,- ( ان لم نتفق علي مدة وتفاصيل عمل اكثر ) ,• الخدمة مقابل :,- $5 لعدد 2000 صفحة مستخرجة ,- في حالة وجود صور سوف تستخرج,- 5$ لعدد 500 صورة ,✓ برجاء التواصل اولا لمعرفة كافة التفاصيل وتحديد الوقت المطلوب
    ",Kareem Ahmed,"python,web,بيانات,data,استخراج,extract,mining,scraping,crawling,beautifulsoup", 54 دقيقة,يوم واحد,1,استخراج 2000 صفحة ويب إضافية,مقابل 5.00$ إضافية على سعر الخدمة. سيزيد مدة التنفيذ يوم إضافي.,شخص محترف  و سريع,https://khamsat.com/business/data-entry/1545805-%D8%A5%D8%B3%D8%AA%D8%AE%D8%B1%D8%A7%D8%AC-%D8%A8%D9%8A%D8%A7%D9%86%D8%A7%D8%AA-%D8%A7%D9%8A-%D9%85%D9%88%D9%82%D8%B9-%D9%88%D9%8A%D8%A8-%D8%A8%D9%83%D9%84-%D8%A5%D8%AD%D8%AA%D8%B1%D8%A7%D9%81%D9%8A%D9%87-%D9%88-%D8%AA%D9%86%D8%B8%D9%8A%D9%85,https://avatars.hsoubcdn.com/86dc4f843792188cadda7b381accf8ae?s=128
 إستخراج بيانات اي موقع ويب بكل إحترافيه و تنظيم ,"
      - السلام عليكم -,"" إذا كنت تبحث عن إستخراج بيانات مهمة بالنسبة لك من اي موقع ويب فأنا تحت امرك "",✓ لدي خبرة وسرعة فى إستخراج بيانات المواقع و إدخالها فى هيئة ملفات Excel منظمة .,✓ خبرتى كبيرة في web scraping باستخدام للغة بايثون و قد عملت علي مكتبات :,- مكتبة BeautifulSoup,- مكتبة Requests ,- مكتبة Mechanize,- مكتبة selenium ,- مكتبة pandas ,✓ إختار صيغة الملف الذي سوف يتم ادخال البيانات به :,- ملف csv,- ملف excel,- ملف txt,- ملف Json,• متطلبات الخدمة :,- رابط الموقع الذي تريد استخراج البياناته .,- تحديد البيانات المراد استخراجها من الموقع .,- الانتظار مدة 24 ساعة او 48 كحد اقصي .,- ( ان لم نتفق علي مدة وتفاصيل عمل اكثر ) ,• الخدمة مقابل :,- $5 لعدد 2000 صفحة مستخرجة ,- في حالة وجود صور سوف تستخرج,- 5$ لعدد 500 صورة ,✓ برجاء التواصل اولا لمعرفة كافة التفاصيل وتحديد الوقت المطلوب
    ",Kareem Ahmed,"python,web,بيانات,data,استخراج,extract,mining,scraping,crawling,beautifulsoup", 54 دقيقة,يوم واحد,1,Source code للخدمة,مقابل 5.00$ إضافية على سعر الخدمة.,شخص محترف  و سريع,https://khamsat.com/business/data-entry/1545805-%D8%A5%D8%B3%D8%AA%D8%AE%D8%B1%D8%A7%D8%AC-%D8%A8%D9%8A%D8%A7%D9%86%D8%A7%D8%AA-%D8%A7%D9%8A-%D9%85%D9%88%D9%82%D8%B9-%D9%88%D9%8A%D8%A8-%D8%A8%D9%83%D9%84-%D8%A5%D8%AD%D8%AA%D8%B1%D8%A7%D9%81%D9%8A%D9%87-%D9%88-%D8%AA%D9%86%D8%B8%D9%8A%D9%85,https://avatars.hsoubcdn.com/86dc4f843792188cadda7b381accf8ae?s=128
" استخراج البيانات من صفحات الإنترنت ويب سكرابنغ,web scraping ","
      بسم الله : سوف اقوم با استخراج الداتا التي تريدها من الانترنت مقابل خمس دولار  لكل 500 صفحه,بإستخدام لغة البرمجة بايثون ساقوم اليا باستخراج البيانات المطلوبة,كما سيتم حفظ البيانات باى صيغة,- sqlite,- mysql,- txt,- json,- csv,- excel
    ",احمد سعيد,"web,scraping", 21 دقيقة,يوم واحد,3,اذا كنت تريد استخراج بيانات 1000 صفحه لنفس الموقع,مقابل 5.00$ إضافية على سعر الخدمة.,جيد,https://khamsat.com/programming/python-programming/1680353-%D8%A7%D8%B3%D8%AA%D8%AE%D8%B1%D8%A7%D8%AC-%D8%A7%D9%84%D8%A8%D9%8A%D8%A7%D9%86%D8%A7%D8%AA-%D9%85%D9%86-%D8%B5%D9%81%D8%AD%D8%A7%D8%AA-%D8%A7%D9%84%D8%A5%D9%86%D8%AA%D8%B1%D9%86%D8%AA-%D9%88%D9%8A%D8%A8-%D8%B3%D9%83%D8%B1%D8%A7%D8%A8%D9%86%D8%BAweb-scraping,https://avatars.hsoubcdn.com/ca786f1dd42895e2e74b25e3bf496d91?s=128
" استخراج البيانات من صفحات الإنترنت ويب سكرابنغ,web scraping ","
      بسم الله : سوف اقوم با استخراج الداتا التي تريدها من الانترنت مقابل خمس دولار  لكل 500 صفحه,بإستخدام لغة البرمجة بايثون ساقوم اليا باستخراج البيانات المطلوبة,كما سيتم حفظ البيانات باى صيغة,- sqlite,- mysql,- txt,- json,- csv,- excel
    ",احمد سعيد,"web,scraping", 21 دقيقة,يوم واحد,3,اذا كنت تريد استخراج بيانات 2000 صفحه لنفس الموقع,مقابل 15.00$ إضافية على سعر الخدمة.,جيد,https://khamsat.com/programming/python-programming/1680353-%D8%A7%D8%B3%D8%AA%D8%AE%D8%B1%D8%A7%D8%AC-%D8%A7%D9%84%D8%A8%D9%8A%D8%A7%D9%86%D8%A7%D8%AA-%D9%85%D9%86-%D8%B5%D9%81%D8%AD%D8%A7%D8%AA-%D8%A7%D9%84%D8%A5%D9%86%D8%AA%D8%B1%D9%86%D8%AA-%D9%88%D9%8A%D8%A8-%D8%B3%D9%83%D8%B1%D8%A7%D8%A8%D9%86%D8%BAweb-scraping,https://avatars.hsoubcdn.com/ca786f1dd42895e2e74b25e3bf496d91?s=128
" استخراج البيانات من صفحات الإنترنت ويب سكرابنغ,web scraping ","
      بسم الله : سوف اقوم با استخراج الداتا التي تريدها من الانترنت مقابل خمس دولار  لكل 500 صفحه,بإستخدام لغة البرمجة بايثون ساقوم اليا باستخراج البيانات المطلوبة,كما سيتم حفظ البيانات باى صيغة,- sqlite,- mysql,- txt,- json,- csv,- excel
    ",احمد سعيد,"web,scraping", 21 دقيقة,يوم واحد,3,اذا كنت تريد الكود البرمجي,مقابل 35.00$ إضافية على سعر الخدمة.,جيد,https://khamsat.com/programming/python-programming/1680353-%D8%A7%D8%B3%D8%AA%D8%AE%D8%B1%D8%A7%D8%AC-%D8%A7%D9%84%D8%A8%D9%8A%D8%A7%D9%86%D8%A7%D8%AA-%D9%85%D9%86-%D8%B5%D9%81%D8%AD%D8%A7%D8%AA-%D8%A7%D9%84%D8%A5%D9%86%D8%AA%D8%B1%D9%86%D8%AA-%D9%88%D9%8A%D8%A8-%D8%B3%D9%83%D8%B1%D8%A7%D8%A8%D9%86%D8%BAweb-scraping,https://avatars.hsoubcdn.com/ca786f1dd42895e2e74b25e3bf496d91?s=128
 إستخراج البيانات من صفحات الويب(Web scraping) ,"
      السلام عليكم ,انا مبرمج بايثون لدي الخبرة والقدرة الكافية لإستخراج البيانات من مواقع الويب المختلفة .,بإستخدام مختلف إطارات العمل مثل (selenium webdriver,bs4 requstes),سأقوم بإستخراج البيانات وتنظيمها بأي طريقة تريد(csv,json,excel,txt),-الخدمة تشمل إستخراج البيانات من أي موقع ,_يتم إستخراج 2000 بيان ب5 دولار.,بيانات موقع معروف:https://mostaql.com/portfolio/745030,-الشروط المطلوبة:,-الاستخراج يكون من موقع واحد فقط .,-تحديد المعلومات التي تريد إستخراجها.,-أن تكون هذه البيانات قابلة للإستخراج.,-البيانات تحفظ كما هي بدون أي تعديل.,  مشاريع قمت بها  : ,https://mostaql.com/u/hicham_26/portfolio
    ",هشام مواز,"python,بايثون,ويب,web,data,البيانات,إستخراج,scraping,تنقيب,البيان,crawling,ectration,إستخ", 24 دقيقة,يوم واحد,1,اذا كان عدد البيانات 2000 بيان,مقابل 5.00$ إضافية على سعر الخدمة. سيزيد مدة التنفيذ يوم إضافي.,محترم جداً وخدمات رائعة,https://khamsat.com/programming/python-programming/1782668-%D8%A5%D8%B3%D8%AA%D8%AE%D8%B1%D8%A7%D8%AC-%D8%A7%D9%84%D8%A8%D9%8A%D8%A7%D9%86%D8%A7%D8%AA-%D9%85%D9%86-%D8%B5%D9%81%D8%AD%D8%A7%D8%AA-%D8%A7%D9%84%D9%88%D9%8A%D8%A8web-scraping,https://avatars.hsoubcdn.com/93f31188ecd4c8a1cad98b2dd5c436fc?s=128
 إستخراج البيانات من صفحات الويب(Web scraping) ,"
      السلام عليكم ,انا مبرمج بايثون لدي الخبرة والقدرة الكافية لإستخراج البيانات من مواقع الويب المختلفة .,بإستخدام مختلف إطارات العمل مثل (selenium webdriver,bs4 requstes),سأقوم بإستخراج البيانات وتنظيمها بأي طريقة تريد(csv,json,excel,txt),-الخدمة تشمل إستخراج البيانات من أي موقع ,_يتم إستخراج 2000 بيان ب5 دولار.,بيانات موقع معروف:https://mostaql.com/portfolio/745030,-الشروط المطلوبة:,-الاستخراج يكون من موقع واحد فقط .,-تحديد المعلومات التي تريد إستخراجها.,-أن تكون هذه البيانات قابلة للإستخراج.,-البيانات تحفظ كما هي بدون أي تعديل.,  مشاريع قمت بها  : ,https://mostaql.com/u/hicham_26/portfolio
    ",هشام مواز,"python,بايثون,ويب,web,data,البيانات,إستخراج,scraping,تنقيب,البيان,crawling,ectration,إستخ", 24 دقيقة,يوم واحد,1,اذا كان عدد البيانات5000 بيان,مقابل 10.00$ إضافية على سعر الخدمة. سيزيد مدة التنفيذ يوم إضافي.,محترم جداً وخدمات رائعة,https://khamsat.com/programming/python-programming/1782668-%D8%A5%D8%B3%D8%AA%D8%AE%D8%B1%D8%A7%D8%AC-%D8%A7%D9%84%D8%A8%D9%8A%D8%A7%D9%86%D8%A7%D8%AA-%D9%85%D9%86-%D8%B5%D9%81%D8%AD%D8%A7%D8%AA-%D8%A7%D9%84%D9%88%D9%8A%D8%A8web-scraping,https://avatars.hsoubcdn.com/93f31188ecd4c8a1cad98b2dd5c436fc?s=128
 إستخراج البيانات من صفحات الويب(Web scraping) ,"
      السلام عليكم ,انا مبرمج بايثون لدي الخبرة والقدرة الكافية لإستخراج البيانات من مواقع الويب المختلفة .,بإستخدام مختلف إطارات العمل مثل (selenium webdriver,bs4 requstes),سأقوم بإستخراج البيانات وتنظيمها بأي طريقة تريد(csv,json,excel,txt),-الخدمة تشمل إستخراج البيانات من أي موقع ,_يتم إستخراج 2000 بيان ب5 دولار.,بيانات موقع معروف:https://mostaql.com/portfolio/745030,-الشروط المطلوبة:,-الاستخراج يكون من موقع واحد فقط .,-تحديد المعلومات التي تريد إستخراجها.,-أن تكون هذه البيانات قابلة للإستخراج.,-البيانات تحفظ كما هي بدون أي تعديل.,  مشاريع قمت بها  : ,https://mostaql.com/u/hicham_26/portfolio
    ",هشام مواز,"python,بايثون,ويب,web,data,البيانات,إستخراج,scraping,تنقيب,البيان,crawling,ectration,إستخ", 24 دقيقة,يوم واحد,1,اذا كان عدد البيانات 10000 بيان,مقابل 20.00$ إضافية على سعر الخدمة. سيزيد مدة التنفيذ يومين إضافيين.,محترم جداً وخدمات رائعة,https://khamsat.com/programming/python-programming/1782668-%D8%A5%D8%B3%D8%AA%D8%AE%D8%B1%D8%A7%D8%AC-%D8%A7%D9%84%D8%A8%D9%8A%D8%A7%D9%86%D8%A7%D8%AA-%D9%85%D9%86-%D8%B5%D9%81%D8%AD%D8%A7%D8%AA-%D8%A7%D9%84%D9%88%D9%8A%D8%A8web-scraping,https://avatars.hsoubcdn.com/93f31188ecd4c8a1cad98b2dd5c436fc?s=128
 إستخراج البيانات من صفحات الويب(Web scraping) ,"
      السلام عليكم ,انا مبرمج بايثون لدي الخبرة والقدرة الكافية لإستخراج البيانات من مواقع الويب المختلفة .,بإستخدام مختلف إطارات العمل مثل (selenium webdriver,bs4 requstes),سأقوم بإستخراج البيانات وتنظيمها بأي طريقة تريد(csv,json,excel,txt),-الخدمة تشمل إستخراج البيانات من أي موقع ,_يتم إستخراج 2000 بيان ب5 دولار.,بيانات موقع معروف:https://mostaql.com/portfolio/745030,-الشروط المطلوبة:,-الاستخراج يكون من موقع واحد فقط .,-تحديد المعلومات التي تريد إستخراجها.,-أن تكون هذه البيانات قابلة للإستخراج.,-البيانات تحفظ كما هي بدون أي تعديل.,  مشاريع قمت بها  : ,https://mostaql.com/u/hicham_26/portfolio
    ",هشام مواز,"python,بايثون,ويب,web,data,البيانات,إستخراج,scraping,تنقيب,البيان,crawling,ectration,إستخ", 24 دقيقة,يوم واحد,1,عمل تطبيق على شكل واجهة exe  سهلة الاستخدام,مقابل 30.00$ إضافية على سعر الخدمة. سيزيد مدة التنفيذ يوم إضافي.,محترم جداً وخدمات رائعة,https://khamsat.com/programming/python-programming/1782668-%D8%A5%D8%B3%D8%AA%D8%AE%D8%B1%D8%A7%D8%AC-%D8%A7%D9%84%D8%A8%D9%8A%D8%A7%D9%86%D8%A7%D8%AA-%D9%85%D9%86-%D8%B5%D9%81%D8%AD%D8%A7%D8%AA-%D8%A7%D9%84%D9%88%D9%8A%D8%A8web-scraping,https://avatars.hsoubcdn.com/93f31188ecd4c8a1cad98b2dd5c436fc?s=128
 إستخراج البيانات من صفحات الويب(Web scraping) ,"
      السلام عليكم ,انا مبرمج بايثون لدي الخبرة والقدرة الكافية لإستخراج البيانات من مواقع الويب المختلفة .,بإستخدام مختلف إطارات العمل مثل (selenium webdriver,bs4 requstes),سأقوم بإستخراج البيانات وتنظيمها بأي طريقة تريد(csv,json,excel,txt),-الخدمة تشمل إستخراج البيانات من أي موقع ,_يتم إستخراج 2000 بيان ب5 دولار.,بيانات موقع معروف:https://mostaql.com/portfolio/745030,-الشروط المطلوبة:,-الاستخراج يكون من موقع واحد فقط .,-تحديد المعلومات التي تريد إستخراجها.,-أن تكون هذه البيانات قابلة للإستخراج.,-البيانات تحفظ كما هي بدون أي تعديل.,  مشاريع قمت بها  : ,https://mostaql.com/u/hicham_26/portfolio
    ",هشام مواز,"python,بايثون,ويب,web,data,البيانات,إستخراج,scraping,تنقيب,البيان,crawling,ectration,إستخ", 24 دقيقة,يوم واحد,1,اذا كنت تريد الكود البرمجي,مقابل 40.00$ إضافية على سعر الخدمة. سيزيد مدة التنفيذ يوم إضافي.,محترم جداً وخدمات رائعة,https://khamsat.com/programming/python-programming/1782668-%D8%A5%D8%B3%D8%AA%D8%AE%D8%B1%D8%A7%D8%AC-%D8%A7%D9%84%D8%A8%D9%8A%D8%A7%D9%86%D8%A7%D8%AA-%D9%85%D9%86-%D8%B5%D9%81%D8%AD%D8%A7%D8%AA-%D8%A7%D9%84%D9%88%D9%8A%D8%A8web-scraping,https://avatars.hsoubcdn.com/93f31188ecd4c8a1cad98b2dd5c436fc?s=128
" استخراج البيانات من صفحات الويب (Data Extract, Web Scraping) ","
      السلام عليكم ورحمه الله وبركاته ,لدي الخبره والقدره الكافيه لاستخراج البيانات من مواقع الويب المختلفه, ,اتقن لغه python واطارات العمل المختلفه scrapy, selenium webdriver, bs4 ,سأقوم باستخراج البيانات ( Web Crawling, Data Extraction, Web Scraping) من مواقع الانترنت المختلفه وارسال البيانات المستخرجه باي صيغه تريد (csv, json, xml, txt), - الخدمه تشمل استخراج البيانات من اي موقع .,- يتم استخراج 1000 صفحه ,-  الشروط المطلوبه :,  يجب ان تكون هذه المواقع تسمح باستخراج البيانات منها.,  يجب تحديد المعلومات التي تريد استخراجها,  يجب توفير رابط للموقع الذي تريد استخراج البيانات منه,  الخدمة تشمل رابط لموقع واحد فقط
    ",Ragab Qatab,"من,web,بيانات,الويب,جلب,حصول,data,استخراج,مسح,mining,scraping,crawling,extraction,كشط", ساعتين,ثلاثة أيام,65,اذا كان عدد الصفحات  6000 صفحه,مقابل 25.00$ إضافية على سعر الخدمة.,شغل ممتاز وانسان خلوق انصح التعامل معه,https://khamsat.com/business/data-entry/1300032-%D8%A7%D8%B3%D8%AA%D8%AE%D8%B1%D8%A7%D8%AC-%D8%A7%D9%84%D8%A8%D9%8A%D8%A7%D9%86%D8%A7%D8%AA-%D9%85%D9%86-%D8%B5%D9%81%D8%AD%D8%A7%D8%AA-%D8%A7%D9%84%D9%88%D9%8A%D8%A8-data-extract-web-scraping,https://avatars.hsoubcdn.com/661d11433c85b103d35af8e06d260d1e?s=128
" استخراج البيانات من صفحات الويب (Data Extract, Web Scraping) ","
      السلام عليكم ورحمه الله وبركاته ,لدي الخبره والقدره الكافيه لاستخراج البيانات من مواقع الويب المختلفه, ,اتقن لغه python واطارات العمل المختلفه scrapy, selenium webdriver, bs4 ,سأقوم باستخراج البيانات ( Web Crawling, Data Extraction, Web Scraping) من مواقع الانترنت المختلفه وارسال البيانات المستخرجه باي صيغه تريد (csv, json, xml, txt), - الخدمه تشمل استخراج البيانات من اي موقع .,- يتم استخراج 1000 صفحه ,-  الشروط المطلوبه :,  يجب ان تكون هذه المواقع تسمح باستخراج البيانات منها.,  يجب تحديد المعلومات التي تريد استخراجها,  يجب توفير رابط للموقع الذي تريد استخراج البيانات منه,  الخدمة تشمل رابط لموقع واحد فقط
    ",Ragab Qatab,"من,web,بيانات,الويب,جلب,حصول,data,استخراج,مسح,mining,scraping,crawling,extraction,كشط", ساعتين,ثلاثة أيام,65,اذا كان عدد الصفحات 7000 صفحه,مقابل 30.00$ إضافية على سعر الخدمة. سيزيد مدة التنفيذ يوم إضافي.,شغل ممتاز وانسان خلوق انصح التعامل معه,https://khamsat.com/business/data-entry/1300032-%D8%A7%D8%B3%D8%AA%D8%AE%D8%B1%D8%A7%D8%AC-%D8%A7%D9%84%D8%A8%D9%8A%D8%A7%D9%86%D8%A7%D8%AA-%D9%85%D9%86-%D8%B5%D9%81%D8%AD%D8%A7%D8%AA-%D8%A7%D9%84%D9%88%D9%8A%D8%A8-data-extract-web-scraping,https://avatars.hsoubcdn.com/661d11433c85b103d35af8e06d260d1e?s=128
" استخراج البيانات من صفحات الويب (Data Extract, Web Scraping) ","
      السلام عليكم ورحمه الله وبركاته ,لدي الخبره والقدره الكافيه لاستخراج البيانات من مواقع الويب المختلفه, ,اتقن لغه python واطارات العمل المختلفه scrapy, selenium webdriver, bs4 ,سأقوم باستخراج البيانات ( Web Crawling, Data Extraction, Web Scraping) من مواقع الانترنت المختلفه وارسال البيانات المستخرجه باي صيغه تريد (csv, json, xml, txt), - الخدمه تشمل استخراج البيانات من اي موقع .,- يتم استخراج 1000 صفحه ,-  الشروط المطلوبه :,  يجب ان تكون هذه المواقع تسمح باستخراج البيانات منها.,  يجب تحديد المعلومات التي تريد استخراجها,  يجب توفير رابط للموقع الذي تريد استخراج البيانات منه,  الخدمة تشمل رابط لموقع واحد فقط
    ",Ragab Qatab,"من,web,بيانات,الويب,جلب,حصول,data,استخراج,مسح,mining,scraping,crawling,extraction,كشط", ساعتين,ثلاثة أيام,65,اذا كنت تريد الكود البرمجي,مقابل 100.00$ إضافية على سعر الخدمة. سيزيد مدة التنفيذ يوم إضافي.,شغل ممتاز وانسان خلوق انصح التعامل معه,https://khamsat.com/business/data-entry/1300032-%D8%A7%D8%B3%D8%AA%D8%AE%D8%B1%D8%A7%D8%AC-%D8%A7%D9%84%D8%A8%D9%8A%D8%A7%D9%86%D8%A7%D8%AA-%D9%85%D9%86-%D8%B5%D9%81%D8%AD%D8%A7%D8%AA-%D8%A7%D9%84%D9%88%D9%8A%D8%A8-data-extract-web-scraping,https://avatars.hsoubcdn.com/661d11433c85b103d35af8e06d260d1e?s=128
 استخراج البيانات من مواقع الانترنت المختلفة (Web Scraping) ,"
      سأقوم باستخراج البيانات من اي موقع على الانترنت باستخدام لغة بايثون وتقديم النتيجة بواحد من الصيغ التالية:,- XLSX,- CSV,- JSON,- SQL, يتم استخراج  1000 سطر او يتم تحميل 1000 صورة او 1000 فيديو او 1000 ملف لنفس الموقع.,امثلة على الخدمات التي يمكن تنفيذها:,- استخراج جميع الوظائف المطابقة لكلمة البحث التي تختارها من مواقع محركات بحث الوظائف,- استخراج معلومات المنتجات مثل (السعر، رابط المنتج، تفاصيل المنتج وصورته من المتاجر الالكترونية),- تحميل جميع الصور والملفات من اي موقع,- استخراج جميع التفاصيل الخاصة بأي قناة على يوتيوب مثل (روابط مقاطع القناة، تاريخ نشر كل مقطع، عدد المشاهدات لكل مقطع),- استخراج نتائج البحث من غوغل ماب,- استخراج بيانات من مواقع الشركات والفنادق وغيرها,شروط الاستخدام:,1- ان تكون البيانات المطلوب استخراجها متاحة للعموم,2- ان لا يتم استخدام البيانات المستخرجة بشكل غير قانوني,**  لمزيد من الإضافات يرجى مراجعة قسم تطويرات الخدمة.
    ",محمد عميره,"انترنت,مواقع,بايثون,بيانات,استخراج,اكسل,تنقيب", ساعة,ثلاثة أيام,9,استخراج 2500 سطر او تحميل 2500 صورة او 2500 فيديو او 2500 ملف اضافي,مقابل 5.00$ إضافية على سعر الخدمة.,ممتاز,https://khamsat.com/programming/python-programming/1880867-%D8%A7%D8%B3%D8%AA%D8%AE%D8%B1%D8%A7%D8%AC-%D8%A7%D9%84%D8%A8%D9%8A%D8%A7%D9%86%D8%A7%D8%AA-%D9%85%D9%86-%D9%85%D9%88%D8%A7%D9%82%D8%B9-%D8%A7%D9%84%D8%A7%D9%86%D8%AA%D8%B1%D9%86%D8%AA-%D8%A7%D9%84%D9%85%D8%AE%D8%AA%D9%84%D9%81%D8%A9-web-scraping,https://avatars.hsoubcdn.com/881337e6b5400626b4c3b692c3ac4091?s=128
 استخراج البيانات من مواقع الانترنت المختلفة (Web Scraping) ,"
      سأقوم باستخراج البيانات من اي موقع على الانترنت باستخدام لغة بايثون وتقديم النتيجة بواحد من الصيغ التالية:,- XLSX,- CSV,- JSON,- SQL, يتم استخراج  1000 سطر او يتم تحميل 1000 صورة او 1000 فيديو او 1000 ملف لنفس الموقع.,امثلة على الخدمات التي يمكن تنفيذها:,- استخراج جميع الوظائف المطابقة لكلمة البحث التي تختارها من مواقع محركات بحث الوظائف,- استخراج معلومات المنتجات مثل (السعر، رابط المنتج، تفاصيل المنتج وصورته من المتاجر الالكترونية),- تحميل جميع الصور والملفات من اي موقع,- استخراج جميع التفاصيل الخاصة بأي قناة على يوتيوب مثل (روابط مقاطع القناة، تاريخ نشر كل مقطع، عدد المشاهدات لكل مقطع),- استخراج نتائج البحث من غوغل ماب,- استخراج بيانات من مواقع الشركات والفنادق وغيرها,شروط الاستخدام:,1- ان تكون البيانات المطلوب استخراجها متاحة للعموم,2- ان لا يتم استخدام البيانات المستخرجة بشكل غير قانوني,**  لمزيد من الإضافات يرجى مراجعة قسم تطويرات الخدمة.
    ",محمد عميره,"انترنت,مواقع,بايثون,بيانات,استخراج,اكسل,تنقيب", ساعة,ثلاثة أيام,9,استخراج 4500 سطر او تحميل 4500 صورة او 4500 فيديو او 4500 ملف اضافي,مقابل 15.00$ إضافية على سعر الخدمة.,ممتاز,https://khamsat.com/programming/python-programming/1880867-%D8%A7%D8%B3%D8%AA%D8%AE%D8%B1%D8%A7%D8%AC-%D8%A7%D9%84%D8%A8%D9%8A%D8%A7%D9%86%D8%A7%D8%AA-%D9%85%D9%86-%D9%85%D9%88%D8%A7%D9%82%D8%B9-%D8%A7%D9%84%D8%A7%D9%86%D8%AA%D8%B1%D9%86%D8%AA-%D8%A7%D9%84%D9%85%D8%AE%D8%AA%D9%84%D9%81%D8%A9-web-scraping,https://avatars.hsoubcdn.com/881337e6b5400626b4c3b692c3ac4091?s=128
 استخراج البيانات من مواقع الانترنت المختلفة (Web Scraping) ,"
      سأقوم باستخراج البيانات من اي موقع على الانترنت باستخدام لغة بايثون وتقديم النتيجة بواحد من الصيغ التالية:,- XLSX,- CSV,- JSON,- SQL, يتم استخراج  1000 سطر او يتم تحميل 1000 صورة او 1000 فيديو او 1000 ملف لنفس الموقع.,امثلة على الخدمات التي يمكن تنفيذها:,- استخراج جميع الوظائف المطابقة لكلمة البحث التي تختارها من مواقع محركات بحث الوظائف,- استخراج معلومات المنتجات مثل (السعر، رابط المنتج، تفاصيل المنتج وصورته من المتاجر الالكترونية),- تحميل جميع الصور والملفات من اي موقع,- استخراج جميع التفاصيل الخاصة بأي قناة على يوتيوب مثل (روابط مقاطع القناة، تاريخ نشر كل مقطع، عدد المشاهدات لكل مقطع),- استخراج نتائج البحث من غوغل ماب,- استخراج بيانات من مواقع الشركات والفنادق وغيرها,شروط الاستخدام:,1- ان تكون البيانات المطلوب استخراجها متاحة للعموم,2- ان لا يتم استخدام البيانات المستخرجة بشكل غير قانوني,**  لمزيد من الإضافات يرجى مراجعة قسم تطويرات الخدمة.
    ",محمد عميره,"انترنت,مواقع,بايثون,بيانات,استخراج,اكسل,تنقيب", ساعة,ثلاثة أيام,9,استخراج 6500 سطر او تحميل 6500 صورة او 6500 فيديو او 6500 ملف اضافي,مقابل 25.00$ إضافية على سعر الخدمة.,ممتاز,https://khamsat.com/programming/python-programming/1880867-%D8%A7%D8%B3%D8%AA%D8%AE%D8%B1%D8%A7%D8%AC-%D8%A7%D9%84%D8%A8%D9%8A%D8%A7%D9%86%D8%A7%D8%AA-%D9%85%D9%86-%D9%85%D9%88%D8%A7%D9%82%D8%B9-%D8%A7%D9%84%D8%A7%D9%86%D8%AA%D8%B1%D9%86%D8%AA-%D8%A7%D9%84%D9%85%D8%AE%D8%AA%D9%84%D9%81%D8%A9-web-scraping,https://avatars.hsoubcdn.com/881337e6b5400626b4c3b692c3ac4091?s=128
 استخراج البيانات من مواقع الانترنت المختلفة (Web Scraping) ,"
      سأقوم باستخراج البيانات من اي موقع على الانترنت باستخدام لغة بايثون وتقديم النتيجة بواحد من الصيغ التالية:,- XLSX,- CSV,- JSON,- SQL, يتم استخراج  1000 سطر او يتم تحميل 1000 صورة او 1000 فيديو او 1000 ملف لنفس الموقع.,امثلة على الخدمات التي يمكن تنفيذها:,- استخراج جميع الوظائف المطابقة لكلمة البحث التي تختارها من مواقع محركات بحث الوظائف,- استخراج معلومات المنتجات مثل (السعر، رابط المنتج، تفاصيل المنتج وصورته من المتاجر الالكترونية),- تحميل جميع الصور والملفات من اي موقع,- استخراج جميع التفاصيل الخاصة بأي قناة على يوتيوب مثل (روابط مقاطع القناة، تاريخ نشر كل مقطع، عدد المشاهدات لكل مقطع),- استخراج نتائج البحث من غوغل ماب,- استخراج بيانات من مواقع الشركات والفنادق وغيرها,شروط الاستخدام:,1- ان تكون البيانات المطلوب استخراجها متاحة للعموم,2- ان لا يتم استخدام البيانات المستخرجة بشكل غير قانوني,**  لمزيد من الإضافات يرجى مراجعة قسم تطويرات الخدمة.
    ",محمد عميره,"انترنت,مواقع,بايثون,بيانات,استخراج,اكسل,تنقيب", ساعة,ثلاثة أيام,9,تسليم الكود على شكل ملف تنفيذي exe.,مقابل 30.00$ إضافية على سعر الخدمة. سيزيد مدة التنفيذ يوم إضافي.,ممتاز,https://khamsat.com/programming/python-programming/1880867-%D8%A7%D8%B3%D8%AA%D8%AE%D8%B1%D8%A7%D8%AC-%D8%A7%D9%84%D8%A8%D9%8A%D8%A7%D9%86%D8%A7%D8%AA-%D9%85%D9%86-%D9%85%D9%88%D8%A7%D9%82%D8%B9-%D8%A7%D9%84%D8%A7%D9%86%D8%AA%D8%B1%D9%86%D8%AA-%D8%A7%D9%84%D9%85%D8%AE%D8%AA%D9%84%D9%81%D8%A9-web-scraping,https://avatars.hsoubcdn.com/881337e6b5400626b4c3b692c3ac4091?s=128
 تطوير برنامج لأتمتة المهام الثقيلة والمتكررة بلغة البايثون ,"
      السلام عليكم ورحمة الله وبركاته,اسمي بنيوب و لدي خبرة سنوات في برمجة لغة بايثون , ملاحظة: يرجى ""الاتصال بي"" أولاً قبل الطلب للمناقشة في التفاصيل.,هل تبحث عن مبرمج لإنشاء الأتمتة لمهامك اليومية و المتكررة ؟,مقابل 5 دولار يمكنني عمل سكريبت بسيط  من 80 سطر,سأفعل:,ملء النماذج,تحميل / تحميل الملفات,أداء تسجيلات الدخول,إنشاء حسابات,إرسال البيانات إلى المواقع,تجريف بيانات الويب Data Scraping,ببساطة اي فكرة تخطر عبالك في هذه اللغة python قادر على تنفيذها بإذن الله,لماذا أنا؟,مرن,كود بجودة عالية,سنوات من الخبرة في مجالات البايثون,التواصل: وقت استجابة سريعة.,دعم مجاني .,إذا كنت بحاجة إلى مساعدتي. لا تتردد في مراسلتي في أي وقت.
    ",بنيوب إسماعيل,"برمجة,لغة,python,بايثون,آلي,برمجه,automate,selenium", 21 ساعة,ستة أيام,9,عمل سكريبت يتكون من 400 سطر.,مقابل 5.00$ إضافية على سعر الخدمة. سيزيد مدة التنفيذ يوم إضافي.,السلام عليكم أخي الكريم,https://khamsat.com/programming/python-programming/1193618-%D8%AA%D8%B7%D9%88%D9%8A%D8%B1-%D8%A8%D8%B1%D9%86%D8%A7%D9%85%D8%AC-%D9%84%D8%A3%D8%AA%D9%85%D8%AA%D8%A9-%D8%A7%D9%84%D9%85%D9%87%D8%A7%D9%85-%D8%A7%D9%84%D8%AB%D9%82%D9%8A%D9%84%D8%A9-%D9%88%D8%A7%D9%84%D9%85%D8%AA%D9%83%D8%B1%D8%B1%D8%A9-%D8%A8%D9%84%D8%BA%D8%A9-%D8%A7%D9%84%D8%A8%D8%A7%D9%8A%D8%AB%D9%88%D9%86,https://avatars.hsoubcdn.com/a1d46505e95d0cab16e3f12d5bb75e94?s=128
 تطوير برنامج لأتمتة المهام الثقيلة والمتكررة بلغة البايثون ,"
      السلام عليكم ورحمة الله وبركاته,اسمي بنيوب و لدي خبرة سنوات في برمجة لغة بايثون , ملاحظة: يرجى ""الاتصال بي"" أولاً قبل الطلب للمناقشة في التفاصيل.,هل تبحث عن مبرمج لإنشاء الأتمتة لمهامك اليومية و المتكررة ؟,مقابل 5 دولار يمكنني عمل سكريبت بسيط  من 80 سطر,سأفعل:,ملء النماذج,تحميل / تحميل الملفات,أداء تسجيلات الدخول,إنشاء حسابات,إرسال البيانات إلى المواقع,تجريف بيانات الويب Data Scraping,ببساطة اي فكرة تخطر عبالك في هذه اللغة python قادر على تنفيذها بإذن الله,لماذا أنا؟,مرن,كود بجودة عالية,سنوات من الخبرة في مجالات البايثون,التواصل: وقت استجابة سريعة.,دعم مجاني .,إذا كنت بحاجة إلى مساعدتي. لا تتردد في مراسلتي في أي وقت.
    ",بنيوب إسماعيل,"برمجة,لغة,python,بايثون,آلي,برمجه,automate,selenium", 21 ساعة,ستة أيام,9,عمل سكريبت يتكون من 450 سطر.,مقابل 15.00$ إضافية على سعر الخدمة. سيزيد مدة التنفيذ يومين إضافيين.,السلام عليكم أخي الكريم,https://khamsat.com/programming/python-programming/1193618-%D8%AA%D8%B7%D9%88%D9%8A%D8%B1-%D8%A8%D8%B1%D9%86%D8%A7%D9%85%D8%AC-%D9%84%D8%A3%D8%AA%D9%85%D8%AA%D8%A9-%D8%A7%D9%84%D9%85%D9%87%D8%A7%D9%85-%D8%A7%D9%84%D8%AB%D9%82%D9%8A%D9%84%D8%A9-%D9%88%D8%A7%D9%84%D9%85%D8%AA%D9%83%D8%B1%D8%B1%D8%A9-%D8%A8%D9%84%D8%BA%D8%A9-%D8%A7%D9%84%D8%A8%D8%A7%D9%8A%D8%AB%D9%88%D9%86,https://avatars.hsoubcdn.com/a1d46505e95d0cab16e3f12d5bb75e94?s=128
 تطوير برنامج لأتمتة المهام الثقيلة والمتكررة بلغة البايثون ,"
      السلام عليكم ورحمة الله وبركاته,اسمي بنيوب و لدي خبرة سنوات في برمجة لغة بايثون , ملاحظة: يرجى ""الاتصال بي"" أولاً قبل الطلب للمناقشة في التفاصيل.,هل تبحث عن مبرمج لإنشاء الأتمتة لمهامك اليومية و المتكررة ؟,مقابل 5 دولار يمكنني عمل سكريبت بسيط  من 80 سطر,سأفعل:,ملء النماذج,تحميل / تحميل الملفات,أداء تسجيلات الدخول,إنشاء حسابات,إرسال البيانات إلى المواقع,تجريف بيانات الويب Data Scraping,ببساطة اي فكرة تخطر عبالك في هذه اللغة python قادر على تنفيذها بإذن الله,لماذا أنا؟,مرن,كود بجودة عالية,سنوات من الخبرة في مجالات البايثون,التواصل: وقت استجابة سريعة.,دعم مجاني .,إذا كنت بحاجة إلى مساعدتي. لا تتردد في مراسلتي في أي وقت.
    ",بنيوب إسماعيل,"برمجة,لغة,python,بايثون,آلي,برمجه,automate,selenium", 21 ساعة,ستة أيام,9,عمل سكريبت يتكون من 700  سطر.,مقابل 20.00$ إضافية على سعر الخدمة. سيزيد مدة التنفيذ يوم إضافي.,السلام عليكم أخي الكريم,https://khamsat.com/programming/python-programming/1193618-%D8%AA%D8%B7%D9%88%D9%8A%D8%B1-%D8%A8%D8%B1%D9%86%D8%A7%D9%85%D8%AC-%D9%84%D8%A3%D8%AA%D9%85%D8%AA%D8%A9-%D8%A7%D9%84%D9%85%D9%87%D8%A7%D9%85-%D8%A7%D9%84%D8%AB%D9%82%D9%8A%D9%84%D8%A9-%D9%88%D8%A7%D9%84%D9%85%D8%AA%D9%83%D8%B1%D8%B1%D8%A9-%D8%A8%D9%84%D8%BA%D8%A9-%D8%A7%D9%84%D8%A8%D8%A7%D9%8A%D8%AB%D9%88%D9%86,https://avatars.hsoubcdn.com/a1d46505e95d0cab16e3f12d5bb75e94?s=128
 تطوير برنامج لأتمتة المهام الثقيلة والمتكررة بلغة البايثون ,"
      السلام عليكم ورحمة الله وبركاته,اسمي بنيوب و لدي خبرة سنوات في برمجة لغة بايثون , ملاحظة: يرجى ""الاتصال بي"" أولاً قبل الطلب للمناقشة في التفاصيل.,هل تبحث عن مبرمج لإنشاء الأتمتة لمهامك اليومية و المتكررة ؟,مقابل 5 دولار يمكنني عمل سكريبت بسيط  من 80 سطر,سأفعل:,ملء النماذج,تحميل / تحميل الملفات,أداء تسجيلات الدخول,إنشاء حسابات,إرسال البيانات إلى المواقع,تجريف بيانات الويب Data Scraping,ببساطة اي فكرة تخطر عبالك في هذه اللغة python قادر على تنفيذها بإذن الله,لماذا أنا؟,مرن,كود بجودة عالية,سنوات من الخبرة في مجالات البايثون,التواصل: وقت استجابة سريعة.,دعم مجاني .,إذا كنت بحاجة إلى مساعدتي. لا تتردد في مراسلتي في أي وقت.
    ",بنيوب إسماعيل,"برمجة,لغة,python,بايثون,آلي,برمجه,automate,selenium", 21 ساعة,ستة أيام,9,تسليم السكريبت بصيغة .exe,مقابل 45.00$ إضافية على سعر الخدمة. سيزيد مدة التنفيذ يوم إضافي.,السلام عليكم أخي الكريم,https://khamsat.com/programming/python-programming/1193618-%D8%AA%D8%B7%D9%88%D9%8A%D8%B1-%D8%A8%D8%B1%D9%86%D8%A7%D9%85%D8%AC-%D9%84%D8%A3%D8%AA%D9%85%D8%AA%D8%A9-%D8%A7%D9%84%D9%85%D9%87%D8%A7%D9%85-%D8%A7%D9%84%D8%AB%D9%82%D9%8A%D9%84%D8%A9-%D9%88%D8%A7%D9%84%D9%85%D8%AA%D9%83%D8%B1%D8%B1%D8%A9-%D8%A8%D9%84%D8%BA%D8%A9-%D8%A7%D9%84%D8%A8%D8%A7%D9%8A%D8%AB%D9%88%D9%86,https://avatars.hsoubcdn.com/a1d46505e95d0cab16e3f12d5bb75e94?s=128
 استخراج بيانات من جميع المواقع ببايثون (web scraping) ,"
      السلام عليكم ورحمه الله وبركاته, اخواني الأعزاء,متاح :,- استخراج بيانات من مواقع مثل المنتجات او العقارات او بوستات من مواقع التواصل الاجتماعي او غيرها .,- ايضا ان تطلب الكود لتقوم بعملية الاستخراج بنفسك,- عمل اداه او exe  لاستخراج البيانات وحفظها في جميع الصور المتاحه,- متاح استخراج البيانات في صوره Excel او json او Csv ,- التنسيق المتميز على الاكسل من خلال الكود اذا كنت تريده بصيغه Excel من حيت الالوان او الفونت او اي شئ اخر مثل حجم الخليه  .,- تسليم العمل حسب الوقت المتفق عليه,- استخراج بيانات من 2000 صفحه لنفس الموقع,- الشروط المطلوبه :,يجب ان تكون هذه المواقع تسمح باستخراج البيانات منها.,ان لا تستخدم هذه البيانات بشكل غير قانوني.,معرض الأعمال,https://mostaql.com/u/ammar203/portfolio
    ",Ammar Alkotb,"من,جوجل,python,بايثون,google,ويب,web,جلب,حصول,استخراج,map,ماب,scraping,extraction,كشط,اسكرابنج", ساعة,يومين,20,استخراج 1000 منتج اخر,مقابل 5.00$ إضافية على سعر الخدمة.,ثانى تعامل مع الاخ عمار مبدع كلمه قليلة عليه يعمل على تنفيذ المطلوب تماما جزاك الله خيرا ولى تعامل معك مستقبلا بإذن الله وربنا يوفقك كمان وكمان,https://khamsat.com/programming/python-programming/1475950-%D8%A7%D8%B3%D8%AA%D8%AE%D8%B1%D8%A7%D8%AC-%D8%A8%D9%8A%D8%A7%D9%86%D8%A7%D8%AA-%D9%85%D9%86-%D8%AC%D9%85%D9%8A%D8%B9-%D8%A7%D9%84%D9%85%D9%88%D8%A7%D9%82%D8%B9-%D8%A8%D8%A8%D8%A7%D9%8A%D8%AB%D9%88%D9%86-web-scraping,https://avatars.hsoubcdn.com/8021f2270edd35181155089584220255?s=128
 استخراج بيانات من جميع المواقع ببايثون (web scraping) ,"
      السلام عليكم ورحمه الله وبركاته, اخواني الأعزاء,متاح :,- استخراج بيانات من مواقع مثل المنتجات او العقارات او بوستات من مواقع التواصل الاجتماعي او غيرها .,- ايضا ان تطلب الكود لتقوم بعملية الاستخراج بنفسك,- عمل اداه او exe  لاستخراج البيانات وحفظها في جميع الصور المتاحه,- متاح استخراج البيانات في صوره Excel او json او Csv ,- التنسيق المتميز على الاكسل من خلال الكود اذا كنت تريده بصيغه Excel من حيت الالوان او الفونت او اي شئ اخر مثل حجم الخليه  .,- تسليم العمل حسب الوقت المتفق عليه,- استخراج بيانات من 2000 صفحه لنفس الموقع,- الشروط المطلوبه :,يجب ان تكون هذه المواقع تسمح باستخراج البيانات منها.,ان لا تستخدم هذه البيانات بشكل غير قانوني.,معرض الأعمال,https://mostaql.com/u/ammar203/portfolio
    ",Ammar Alkotb,"من,جوجل,python,بايثون,google,ويب,web,جلب,حصول,استخراج,map,ماب,scraping,extraction,كشط,اسكرابنج", ساعة,يومين,20,استخراج 2000 منتج,مقابل 10.00$ إضافية على سعر الخدمة.,ثانى تعامل مع الاخ عمار مبدع كلمه قليلة عليه يعمل على تنفيذ المطلوب تماما جزاك الله خيرا ولى تعامل معك مستقبلا بإذن الله وربنا يوفقك كمان وكمان,https://khamsat.com/programming/python-programming/1475950-%D8%A7%D8%B3%D8%AA%D8%AE%D8%B1%D8%A7%D8%AC-%D8%A8%D9%8A%D8%A7%D9%86%D8%A7%D8%AA-%D9%85%D9%86-%D8%AC%D9%85%D9%8A%D8%B9-%D8%A7%D9%84%D9%85%D9%88%D8%A7%D9%82%D8%B9-%D8%A8%D8%A8%D8%A7%D9%8A%D8%AB%D9%88%D9%86-web-scraping,https://avatars.hsoubcdn.com/8021f2270edd35181155089584220255?s=128
 استخراج بيانات من جميع المواقع ببايثون (web scraping) ,"
      السلام عليكم ورحمه الله وبركاته, اخواني الأعزاء,متاح :,- استخراج بيانات من مواقع مثل المنتجات او العقارات او بوستات من مواقع التواصل الاجتماعي او غيرها .,- ايضا ان تطلب الكود لتقوم بعملية الاستخراج بنفسك,- عمل اداه او exe  لاستخراج البيانات وحفظها في جميع الصور المتاحه,- متاح استخراج البيانات في صوره Excel او json او Csv ,- التنسيق المتميز على الاكسل من خلال الكود اذا كنت تريده بصيغه Excel من حيت الالوان او الفونت او اي شئ اخر مثل حجم الخليه  .,- تسليم العمل حسب الوقت المتفق عليه,- استخراج بيانات من 2000 صفحه لنفس الموقع,- الشروط المطلوبه :,يجب ان تكون هذه المواقع تسمح باستخراج البيانات منها.,ان لا تستخدم هذه البيانات بشكل غير قانوني.,معرض الأعمال,https://mostaql.com/u/ammar203/portfolio
    ",Ammar Alkotb,"من,جوجل,python,بايثون,google,ويب,web,جلب,حصول,استخراج,map,ماب,scraping,extraction,كشط,اسكرابنج", ساعة,يومين,20,استخراج 3000 منتج,مقابل 15.00$ إضافية على سعر الخدمة. سيزيد مدة التنفيذ يوم إضافي.,ثانى تعامل مع الاخ عمار مبدع كلمه قليلة عليه يعمل على تنفيذ المطلوب تماما جزاك الله خيرا ولى تعامل معك مستقبلا بإذن الله وربنا يوفقك كمان وكمان,https://khamsat.com/programming/python-programming/1475950-%D8%A7%D8%B3%D8%AA%D8%AE%D8%B1%D8%A7%D8%AC-%D8%A8%D9%8A%D8%A7%D9%86%D8%A7%D8%AA-%D9%85%D9%86-%D8%AC%D9%85%D9%8A%D8%B9-%D8%A7%D9%84%D9%85%D9%88%D8%A7%D9%82%D8%B9-%D8%A8%D8%A8%D8%A7%D9%8A%D8%AB%D9%88%D9%86-web-scraping,https://avatars.hsoubcdn.com/8021f2270edd35181155089584220255?s=128
 استخراج بيانات من جميع المواقع ببايثون (web scraping) ,"
      السلام عليكم ورحمه الله وبركاته, اخواني الأعزاء,متاح :,- استخراج بيانات من مواقع مثل المنتجات او العقارات او بوستات من مواقع التواصل الاجتماعي او غيرها .,- ايضا ان تطلب الكود لتقوم بعملية الاستخراج بنفسك,- عمل اداه او exe  لاستخراج البيانات وحفظها في جميع الصور المتاحه,- متاح استخراج البيانات في صوره Excel او json او Csv ,- التنسيق المتميز على الاكسل من خلال الكود اذا كنت تريده بصيغه Excel من حيت الالوان او الفونت او اي شئ اخر مثل حجم الخليه  .,- تسليم العمل حسب الوقت المتفق عليه,- استخراج بيانات من 2000 صفحه لنفس الموقع,- الشروط المطلوبه :,يجب ان تكون هذه المواقع تسمح باستخراج البيانات منها.,ان لا تستخدم هذه البيانات بشكل غير قانوني.,معرض الأعمال,https://mostaql.com/u/ammar203/portfolio
    ",Ammar Alkotb,"من,جوجل,python,بايثون,google,ويب,web,جلب,حصول,استخراج,map,ماب,scraping,extraction,كشط,اسكرابنج", ساعة,يومين,20,طلب الاسكربت واضافة وجهة للاده او exe اذا تم اختيارها,مقابل 20.00$ إضافية على سعر الخدمة. سيزيد مدة التنفيذ يومين إضافيين.,ثانى تعامل مع الاخ عمار مبدع كلمه قليلة عليه يعمل على تنفيذ المطلوب تماما جزاك الله خيرا ولى تعامل معك مستقبلا بإذن الله وربنا يوفقك كمان وكمان,https://khamsat.com/programming/python-programming/1475950-%D8%A7%D8%B3%D8%AA%D8%AE%D8%B1%D8%A7%D8%AC-%D8%A8%D9%8A%D8%A7%D9%86%D8%A7%D8%AA-%D9%85%D9%86-%D8%AC%D9%85%D9%8A%D8%B9-%D8%A7%D9%84%D9%85%D9%88%D8%A7%D9%82%D8%B9-%D8%A8%D8%A8%D8%A7%D9%8A%D8%AB%D9%88%D9%86-web-scraping,https://avatars.hsoubcdn.com/8021f2270edd35181155089584220255?s=128
 استخراج بيانات من جميع المواقع ببايثون (web scraping) ,"
      السلام عليكم ورحمه الله وبركاته, اخواني الأعزاء,متاح :,- استخراج بيانات من مواقع مثل المنتجات او العقارات او بوستات من مواقع التواصل الاجتماعي او غيرها .,- ايضا ان تطلب الكود لتقوم بعملية الاستخراج بنفسك,- عمل اداه او exe  لاستخراج البيانات وحفظها في جميع الصور المتاحه,- متاح استخراج البيانات في صوره Excel او json او Csv ,- التنسيق المتميز على الاكسل من خلال الكود اذا كنت تريده بصيغه Excel من حيت الالوان او الفونت او اي شئ اخر مثل حجم الخليه  .,- تسليم العمل حسب الوقت المتفق عليه,- استخراج بيانات من 2000 صفحه لنفس الموقع,- الشروط المطلوبه :,يجب ان تكون هذه المواقع تسمح باستخراج البيانات منها.,ان لا تستخدم هذه البيانات بشكل غير قانوني.,معرض الأعمال,https://mostaql.com/u/ammar203/portfolio
    ",Ammar Alkotb,"من,جوجل,python,بايثون,google,ويب,web,جلب,حصول,استخراج,map,ماب,scraping,extraction,كشط,اسكرابنج", ساعة,يومين,20,استخراج 10 الف منتج,مقابل 50.00$ إضافية على سعر الخدمة. سيزيد مدة التنفيذ يوم إضافي.,ثانى تعامل مع الاخ عمار مبدع كلمه قليلة عليه يعمل على تنفيذ المطلوب تماما جزاك الله خيرا ولى تعامل معك مستقبلا بإذن الله وربنا يوفقك كمان وكمان,https://khamsat.com/programming/python-programming/1475950-%D8%A7%D8%B3%D8%AA%D8%AE%D8%B1%D8%A7%D8%AC-%D8%A8%D9%8A%D8%A7%D9%86%D8%A7%D8%AA-%D9%85%D9%86-%D8%AC%D9%85%D9%8A%D8%B9-%D8%A7%D9%84%D9%85%D9%88%D8%A7%D9%82%D8%B9-%D8%A8%D8%A8%D8%A7%D9%8A%D8%AB%D9%88%D9%86-web-scraping,https://avatars.hsoubcdn.com/8021f2270edd35181155089584220255?s=128
 إستخراج العديد من البيانات من صفحات الويب آلياً(webscraping) ,"
      [#] المرجو مراسلتي بكافة المعلومات  قبل طلب الخدمة [#],السلام عليكم ورحمه الله,سأقوم برمجياً باستخراج البيانات (WebScraping) من صفحات الأنترنيت و الويب بشكل آلي و تسليمك البيانات المستخرجة  على أي شكل تريد سواء ايكسل ، csv ، txt ، json ، xml ، html ,الخدمة تشمل إستخراج:,-بيانات المنتجات من المتاجر الإلكترونية,-بيانات الشركات والفنادق والعقارات والأطباء وغيرها .,-أو إستخراج أي بيانات أخرى.,- الشروط المطلوبة :,-الخدمة يمكن أن تشمل الكود المستخدم (تتم الاتفاق عليها).,-يجب أن تكون البيانات مرئية ومتاحة للجمهور.,-يجب توفير رابط الموقع المحتوي على البيانات المطلوبة.,مقابل خدمة سأعمل على إستخراج 2000 صفحة ويب واستخلاص ما تريد منها.
    ",بنيوب إسماعيل,"ويب,بيانات,تجميع,سحب,داتا,data,استخراج,اكسل,mining,scraping,استخلاص,csv,webscraping", 11 ساعة,أسبوع,12,سحب عدد 2500 من البيانات,مقابل 5.00$ إضافية على سعر الخدمة.,افضل شخص تعاملت معه علي موقع خمسات بدون مبالغة,https://khamsat.com/programming/programming-services/1214619-%D8%A5%D8%B3%D8%AA%D8%AE%D8%B1%D8%A7%D8%AC-%D8%A7%D9%84%D8%B9%D8%AF%D9%8A%D8%AF-%D9%85%D9%86-%D8%A7%D9%84%D8%A8%D9%8A%D8%A7%D9%86%D8%A7%D8%AA-%D9%85%D9%86-%D8%B5%D9%81%D8%AD%D8%A7%D8%AA-%D8%A7%D9%84%D9%88%D9%8A%D8%A8-%D8%A2%D9%84%D9%8A%D8%A7webscraping,https://avatars.hsoubcdn.com/a1d46505e95d0cab16e3f12d5bb75e94?s=128
 إستخراج العديد من البيانات من صفحات الويب آلياً(webscraping) ,"
      [#] المرجو مراسلتي بكافة المعلومات  قبل طلب الخدمة [#],السلام عليكم ورحمه الله,سأقوم برمجياً باستخراج البيانات (WebScraping) من صفحات الأنترنيت و الويب بشكل آلي و تسليمك البيانات المستخرجة  على أي شكل تريد سواء ايكسل ، csv ، txt ، json ، xml ، html ,الخدمة تشمل إستخراج:,-بيانات المنتجات من المتاجر الإلكترونية,-بيانات الشركات والفنادق والعقارات والأطباء وغيرها .,-أو إستخراج أي بيانات أخرى.,- الشروط المطلوبة :,-الخدمة يمكن أن تشمل الكود المستخدم (تتم الاتفاق عليها).,-يجب أن تكون البيانات مرئية ومتاحة للجمهور.,-يجب توفير رابط الموقع المحتوي على البيانات المطلوبة.,مقابل خدمة سأعمل على إستخراج 2000 صفحة ويب واستخلاص ما تريد منها.
    ",بنيوب إسماعيل,"ويب,بيانات,تجميع,سحب,داتا,data,استخراج,اكسل,mining,scraping,استخلاص,csv,webscraping", 11 ساعة,أسبوع,12,سحب عدد 5000 من البيانات,مقابل 15.00$ إضافية على سعر الخدمة.,افضل شخص تعاملت معه علي موقع خمسات بدون مبالغة,https://khamsat.com/programming/programming-services/1214619-%D8%A5%D8%B3%D8%AA%D8%AE%D8%B1%D8%A7%D8%AC-%D8%A7%D9%84%D8%B9%D8%AF%D9%8A%D8%AF-%D9%85%D9%86-%D8%A7%D9%84%D8%A8%D9%8A%D8%A7%D9%86%D8%A7%D8%AA-%D9%85%D9%86-%D8%B5%D9%81%D8%AD%D8%A7%D8%AA-%D8%A7%D9%84%D9%88%D9%8A%D8%A8-%D8%A2%D9%84%D9%8A%D8%A7webscraping,https://avatars.hsoubcdn.com/a1d46505e95d0cab16e3f12d5bb75e94?s=128
 إستخراج العديد من البيانات من صفحات الويب آلياً(webscraping) ,"
      [#] المرجو مراسلتي بكافة المعلومات  قبل طلب الخدمة [#],السلام عليكم ورحمه الله,سأقوم برمجياً باستخراج البيانات (WebScraping) من صفحات الأنترنيت و الويب بشكل آلي و تسليمك البيانات المستخرجة  على أي شكل تريد سواء ايكسل ، csv ، txt ، json ، xml ، html ,الخدمة تشمل إستخراج:,-بيانات المنتجات من المتاجر الإلكترونية,-بيانات الشركات والفنادق والعقارات والأطباء وغيرها .,-أو إستخراج أي بيانات أخرى.,- الشروط المطلوبة :,-الخدمة يمكن أن تشمل الكود المستخدم (تتم الاتفاق عليها).,-يجب أن تكون البيانات مرئية ومتاحة للجمهور.,-يجب توفير رابط الموقع المحتوي على البيانات المطلوبة.,مقابل خدمة سأعمل على إستخراج 2000 صفحة ويب واستخلاص ما تريد منها.
    ",بنيوب إسماعيل,"ويب,بيانات,تجميع,سحب,داتا,data,استخراج,اكسل,mining,scraping,استخلاص,csv,webscraping", 11 ساعة,أسبوع,12,سحب عدد 100000 من البيانات,مقابل 45.00$ إضافية على سعر الخدمة.,افضل شخص تعاملت معه علي موقع خمسات بدون مبالغة,https://khamsat.com/programming/programming-services/1214619-%D8%A5%D8%B3%D8%AA%D8%AE%D8%B1%D8%A7%D8%AC-%D8%A7%D9%84%D8%B9%D8%AF%D9%8A%D8%AF-%D9%85%D9%86-%D8%A7%D9%84%D8%A8%D9%8A%D8%A7%D9%86%D8%A7%D8%AA-%D9%85%D9%86-%D8%B5%D9%81%D8%AD%D8%A7%D8%AA-%D8%A7%D9%84%D9%88%D9%8A%D8%A8-%D8%A2%D9%84%D9%8A%D8%A7webscraping,https://avatars.hsoubcdn.com/a1d46505e95d0cab16e3f12d5bb75e94?s=128
 استخراج البيانات من اي موقع بلغة البايثون (web scraping) ,"
      وصف الخدمة :,- استخراج بيانات من مواقع مثل المنتجات او العقارات او بوستات من مواقع التواصل الاجتماعي او غيرها .,- ايضا ان تطلب الاداة لتقوم بعملية الاستخراج بنفسك,- عمل اداه exe لاستخراج البيانات وحفظها .,- متاح استخراج البيانات في صوره Excel او json او Csv,- تسليم العمل حسب الوقت المتفق عليه.,- استخراج بيانات من 10 صفحه لنفس الموقع مقابل 5 دولار.,مميزات الخدمة:,1-سرعة الرد علي المشتري و سرعة التسليم.,2- لدي خبرة كبيرة في (web scraping) مما يعني جودة الخدمة مع تجنب اي اخطاء.,ملحوظة هامة: عزيزي العميل برجاء عدم شراء الخدمة قبل التواصل معي و الاتفاق علي المطلوب كما ان الخدمة لا تشمل الكود بل تشمل ان يكون المطلوب برنامج سطح مكتب او ملف بايثون مشفر
    ",مرقس راعي,"برمجة,python,بايثون,web,بيانات,استخراج,scraping,selenium,scripting,beautifulsoup", 7 ساعات,ثلاثة أيام,6,إضافة قاعدة بيانات,مقابل 10.00$ إضافية على سعر الخدمة. سيزيد مدة التنفيذ يوم إضافي.,تمام يا مرقس ممتاز وهتعامل معاك تاني في اقرب وقت,https://khamsat.com/programming/python-programming/1853769-%D8%A7%D8%B3%D8%AA%D8%AE%D8%B1%D8%A7%D8%AC-%D8%A7%D9%84%D8%A8%D9%8A%D8%A7%D9%86%D8%A7%D8%AA-%D9%85%D9%86-%D8%A7%D9%8A-%D9%85%D9%88%D9%82%D8%B9-%D8%A8%D9%84%D8%BA%D8%A9-%D8%A7%D9%84%D8%A8%D8%A7%D9%8A%D8%AB%D9%88%D9%86-web-scraping,https://avatars.hsoubcdn.com/f27a8a508f5bf47bda8849ed48a6b738?s=128
 إستخراج و تنقيب البيانات من مواقع الانترنت (Web Scraping) ,"
      ** يرجى التواصل قبل طلب الخدمة **,سوف اقدم لك خدمة إستخراج البيانات من مواقع الانترنت المختلفة , مقابل 5 دولار سوف استخرج البيانات من 1000 صفحة من مواقع الانترنت ,بإستخدام لغة البرمجة بايثون ساقوم اليا باستخراج البيانات المطلوبة ,كما سيتم حفظ البيانات باى صيغة ,- sqlite,- mysql,- txt,- json,- csv,- excel,الخدمة تشمل:,البيانات من المتاجر الالكترونية ك امازون و ebay,البيانات من مواقع الشركات و الفنادق و غيرها,البيانات من نتائج البحث المختلفة,اتفاقية الاستخدام :,الخدمة تشمل موقع واحد فقط ,البيانات تكون متاحة و مرئية للجميع,تحديد المعلومات التي تريد استخراجها,عدم إساءة إستخدام البيانات بإى طريقة ,الخدمة لا تشمل الكود ,يتم حفظ البيانات كما هى على الموقع بدون اى تعديلات
    ",حسام جمال,"مواقع,تفريغ,web,بيانات,ادخال,سحب,data,استخراج,اكسل,البيانات,mining,scraping,استخلاص,csv", ساعة,ثلاثة أيام,42,زيادة البيانات حتى 2500,مقابل 10.00$ إضافية على سعر الخدمة. سيزيد مدة التنفيذ يوم إضافي.,"ممتاز كالعادة,, انصح بالتعامل معه وفقه الله",https://khamsat.com/programming/python-programming/1169810-%D8%A5%D8%B3%D8%AA%D8%AE%D8%B1%D8%A7%D8%AC-%D9%88-%D8%AA%D9%86%D9%82%D9%8A%D8%A8-%D8%A7%D9%84%D8%A8%D9%8A%D8%A7%D9%86%D8%A7%D8%AA-%D9%85%D9%86-%D9%85%D9%88%D8%A7%D9%82%D8%B9-%D8%A7%D9%84%D8%A7%D9%86%D8%AA%D8%B1%D9%86%D8%AA-web-scraping,https://avatars.hsoubcdn.com/4c48ff250e34c06ce19b0a8ee767edb1?s=128
 إستخراج و تنقيب البيانات من مواقع الانترنت (Web Scraping) ,"
      ** يرجى التواصل قبل طلب الخدمة **,سوف اقدم لك خدمة إستخراج البيانات من مواقع الانترنت المختلفة , مقابل 5 دولار سوف استخرج البيانات من 1000 صفحة من مواقع الانترنت ,بإستخدام لغة البرمجة بايثون ساقوم اليا باستخراج البيانات المطلوبة ,كما سيتم حفظ البيانات باى صيغة ,- sqlite,- mysql,- txt,- json,- csv,- excel,الخدمة تشمل:,البيانات من المتاجر الالكترونية ك امازون و ebay,البيانات من مواقع الشركات و الفنادق و غيرها,البيانات من نتائج البحث المختلفة,اتفاقية الاستخدام :,الخدمة تشمل موقع واحد فقط ,البيانات تكون متاحة و مرئية للجميع,تحديد المعلومات التي تريد استخراجها,عدم إساءة إستخدام البيانات بإى طريقة ,الخدمة لا تشمل الكود ,يتم حفظ البيانات كما هى على الموقع بدون اى تعديلات
    ",حسام جمال,"مواقع,تفريغ,web,بيانات,ادخال,سحب,data,استخراج,اكسل,البيانات,mining,scraping,استخلاص,csv", ساعة,ثلاثة أيام,42,زيادة البيانات حتى 5000,مقابل 15.00$ إضافية على سعر الخدمة. سيزيد مدة التنفيذ يومين إضافيين.,"ممتاز كالعادة,, انصح بالتعامل معه وفقه الله",https://khamsat.com/programming/python-programming/1169810-%D8%A5%D8%B3%D8%AA%D8%AE%D8%B1%D8%A7%D8%AC-%D9%88-%D8%AA%D9%86%D9%82%D9%8A%D8%A8-%D8%A7%D9%84%D8%A8%D9%8A%D8%A7%D9%86%D8%A7%D8%AA-%D9%85%D9%86-%D9%85%D9%88%D8%A7%D9%82%D8%B9-%D8%A7%D9%84%D8%A7%D9%86%D8%AA%D8%B1%D9%86%D8%AA-web-scraping,https://avatars.hsoubcdn.com/4c48ff250e34c06ce19b0a8ee767edb1?s=128
 إستخراج و تنقيب البيانات من مواقع الانترنت (Web Scraping) ,"
      ** يرجى التواصل قبل طلب الخدمة **,سوف اقدم لك خدمة إستخراج البيانات من مواقع الانترنت المختلفة , مقابل 5 دولار سوف استخرج البيانات من 1000 صفحة من مواقع الانترنت ,بإستخدام لغة البرمجة بايثون ساقوم اليا باستخراج البيانات المطلوبة ,كما سيتم حفظ البيانات باى صيغة ,- sqlite,- mysql,- txt,- json,- csv,- excel,الخدمة تشمل:,البيانات من المتاجر الالكترونية ك امازون و ebay,البيانات من مواقع الشركات و الفنادق و غيرها,البيانات من نتائج البحث المختلفة,اتفاقية الاستخدام :,الخدمة تشمل موقع واحد فقط ,البيانات تكون متاحة و مرئية للجميع,تحديد المعلومات التي تريد استخراجها,عدم إساءة إستخدام البيانات بإى طريقة ,الخدمة لا تشمل الكود ,يتم حفظ البيانات كما هى على الموقع بدون اى تعديلات
    ",حسام جمال,"مواقع,تفريغ,web,بيانات,ادخال,سحب,data,استخراج,اكسل,البيانات,mining,scraping,استخلاص,csv", ساعة,ثلاثة أيام,42,زيادة البيانات حتى 7500,مقابل 30.00$ إضافية على سعر الخدمة. سيزيد مدة التنفيذ يومين إضافيين.,"ممتاز كالعادة,, انصح بالتعامل معه وفقه الله",https://khamsat.com/programming/python-programming/1169810-%D8%A5%D8%B3%D8%AA%D8%AE%D8%B1%D8%A7%D8%AC-%D9%88-%D8%AA%D9%86%D9%82%D9%8A%D8%A8-%D8%A7%D9%84%D8%A8%D9%8A%D8%A7%D9%86%D8%A7%D8%AA-%D9%85%D9%86-%D9%85%D9%88%D8%A7%D9%82%D8%B9-%D8%A7%D9%84%D8%A7%D9%86%D8%AA%D8%B1%D9%86%D8%AA-web-scraping,https://avatars.hsoubcdn.com/4c48ff250e34c06ce19b0a8ee767edb1?s=128
 إستخراج و تنقيب البيانات من مواقع الانترنت (Web Scraping) ,"
      ** يرجى التواصل قبل طلب الخدمة **,سوف اقدم لك خدمة إستخراج البيانات من مواقع الانترنت المختلفة , مقابل 5 دولار سوف استخرج البيانات من 1000 صفحة من مواقع الانترنت ,بإستخدام لغة البرمجة بايثون ساقوم اليا باستخراج البيانات المطلوبة ,كما سيتم حفظ البيانات باى صيغة ,- sqlite,- mysql,- txt,- json,- csv,- excel,الخدمة تشمل:,البيانات من المتاجر الالكترونية ك امازون و ebay,البيانات من مواقع الشركات و الفنادق و غيرها,البيانات من نتائج البحث المختلفة,اتفاقية الاستخدام :,الخدمة تشمل موقع واحد فقط ,البيانات تكون متاحة و مرئية للجميع,تحديد المعلومات التي تريد استخراجها,عدم إساءة إستخدام البيانات بإى طريقة ,الخدمة لا تشمل الكود ,يتم حفظ البيانات كما هى على الموقع بدون اى تعديلات
    ",حسام جمال,"مواقع,تفريغ,web,بيانات,ادخال,سحب,data,استخراج,اكسل,البيانات,mining,scraping,استخلاص,csv", ساعة,ثلاثة أيام,42,زيادة البيانات حتى 10000,مقابل 40.00$ إضافية على سعر الخدمة. سيزيد مدة التنفيذ يومين إضافيين.,"ممتاز كالعادة,, انصح بالتعامل معه وفقه الله",https://khamsat.com/programming/python-programming/1169810-%D8%A5%D8%B3%D8%AA%D8%AE%D8%B1%D8%A7%D8%AC-%D9%88-%D8%AA%D9%86%D9%82%D9%8A%D8%A8-%D8%A7%D9%84%D8%A8%D9%8A%D8%A7%D9%86%D8%A7%D8%AA-%D9%85%D9%86-%D9%85%D9%88%D8%A7%D9%82%D8%B9-%D8%A7%D9%84%D8%A7%D9%86%D8%AA%D8%B1%D9%86%D8%AA-web-scraping,https://avatars.hsoubcdn.com/4c48ff250e34c06ce19b0a8ee767edb1?s=128
 إستخراج و تنقيب البيانات من مواقع الانترنت (Web Scraping) ,"
      ** يرجى التواصل قبل طلب الخدمة **,سوف اقدم لك خدمة إستخراج البيانات من مواقع الانترنت المختلفة , مقابل 5 دولار سوف استخرج البيانات من 1000 صفحة من مواقع الانترنت ,بإستخدام لغة البرمجة بايثون ساقوم اليا باستخراج البيانات المطلوبة ,كما سيتم حفظ البيانات باى صيغة ,- sqlite,- mysql,- txt,- json,- csv,- excel,الخدمة تشمل:,البيانات من المتاجر الالكترونية ك امازون و ebay,البيانات من مواقع الشركات و الفنادق و غيرها,البيانات من نتائج البحث المختلفة,اتفاقية الاستخدام :,الخدمة تشمل موقع واحد فقط ,البيانات تكون متاحة و مرئية للجميع,تحديد المعلومات التي تريد استخراجها,عدم إساءة إستخدام البيانات بإى طريقة ,الخدمة لا تشمل الكود ,يتم حفظ البيانات كما هى على الموقع بدون اى تعديلات
    ",حسام جمال,"مواقع,تفريغ,web,بيانات,ادخال,سحب,data,استخراج,اكسل,البيانات,mining,scraping,استخلاص,csv", ساعة,ثلاثة أيام,42,زيادة البيانات حتى 12500,مقابل 50.00$ إضافية على سعر الخدمة. سيزيد مدة التنفيذ يومين إضافيين.,"ممتاز كالعادة,, انصح بالتعامل معه وفقه الله",https://khamsat.com/programming/python-programming/1169810-%D8%A5%D8%B3%D8%AA%D8%AE%D8%B1%D8%A7%D8%AC-%D9%88-%D8%AA%D9%86%D9%82%D9%8A%D8%A8-%D8%A7%D9%84%D8%A8%D9%8A%D8%A7%D9%86%D8%A7%D8%AA-%D9%85%D9%86-%D9%85%D9%88%D8%A7%D9%82%D8%B9-%D8%A7%D9%84%D8%A7%D9%86%D8%AA%D8%B1%D9%86%D8%AA-web-scraping,https://avatars.hsoubcdn.com/4c48ff250e34c06ce19b0a8ee767edb1?s=128
 إستخراج البيانات من صفحات الإنترنت (Python web scraping) ,"
      السلام عليكم ورحمة الله وبركاته , سأقوم باستخراج البيانات بكل سهولة وفي وقت قياسي من مواقع الإنترنت بإستخدام برمجة Python,وتصدير هذه البيانات بأي صيغة ترغب بها (.. ,excel, CSV, JSON, txt) وذلك ب 5 $ مقابل 50 صفحة من مواقع الانترنت ,استطيع العمل مع أشهر المكتبات في هذا المجال BeautifulSoup ,Newspaper3k,news-please ومكتبات اخرى ,الخدمة تشمل إستخراج:,- بيانات الشركات والفنادق ,- المواقع الاخبارية ,- العقارات ,- نتائج البحث من محركات البحث,- اي مواقع اخرى ترغب باستخراج البيانات منها ,الشروط:,- الخدمة لا تشمل الكود المستخدم ,-الخدمة لا تشمل المواقع التي تحتاج الي اكثر من request للوصول للمعلومات ,- يجب ان لا تتم إساءة استخدام البيانات بشكل غير قانوني ,- يتم حفظ البيانات كما هي على الموقع بدون اي تعديلات او معالجة ,- ان تكون هذه المواقع تسمح باستخراج البيانات منها,- يجب توفير رابط الموقع المحتوي على البيانات  المطلوبة
    ",اسراء النبريصي,"html,python,web,crawler,scraping", 4 أيام,يومين,1,زيادة عدد الصفحات الي 100 صفحة,مقابل 10.00$ إضافية على سعر الخدمة. سيزيد مدة التنفيذ يوم إضافي.,اشكر الاخت اسراء الخبيرة في أمور البرمجة,https://khamsat.com/programming/python-programming/1528687-%D8%A5%D8%B3%D8%AA%D8%AE%D8%B1%D8%A7%D8%AC-%D8%A7%D9%84%D8%A8%D9%8A%D8%A7%D9%86%D8%A7%D8%AA-%D9%85%D9%86-%D8%B5%D9%81%D8%AD%D8%A7%D8%AA-%D8%A7%D9%84%D8%A5%D9%86%D8%AA%D8%B1%D9%86%D8%AA-python-web-scraping,https://avatars.hsoubcdn.com/731d720e3b79771789eb94743834e629?s=128
 إستخراج البيانات من صفحات الإنترنت (Python web scraping) ,"
      السلام عليكم ورحمة الله وبركاته , سأقوم باستخراج البيانات بكل سهولة وفي وقت قياسي من مواقع الإنترنت بإستخدام برمجة Python,وتصدير هذه البيانات بأي صيغة ترغب بها (.. ,excel, CSV, JSON, txt) وذلك ب 5 $ مقابل 50 صفحة من مواقع الانترنت ,استطيع العمل مع أشهر المكتبات في هذا المجال BeautifulSoup ,Newspaper3k,news-please ومكتبات اخرى ,الخدمة تشمل إستخراج:,- بيانات الشركات والفنادق ,- المواقع الاخبارية ,- العقارات ,- نتائج البحث من محركات البحث,- اي مواقع اخرى ترغب باستخراج البيانات منها ,الشروط:,- الخدمة لا تشمل الكود المستخدم ,-الخدمة لا تشمل المواقع التي تحتاج الي اكثر من request للوصول للمعلومات ,- يجب ان لا تتم إساءة استخدام البيانات بشكل غير قانوني ,- يتم حفظ البيانات كما هي على الموقع بدون اي تعديلات او معالجة ,- ان تكون هذه المواقع تسمح باستخراج البيانات منها,- يجب توفير رابط الموقع المحتوي على البيانات  المطلوبة
    ",اسراء النبريصي,"html,python,web,crawler,scraping", 4 أيام,يومين,1,زيادة عدد الصفحات الي 300 صفحة,مقابل 20.00$ إضافية على سعر الخدمة.,اشكر الاخت اسراء الخبيرة في أمور البرمجة,https://khamsat.com/programming/python-programming/1528687-%D8%A5%D8%B3%D8%AA%D8%AE%D8%B1%D8%A7%D8%AC-%D8%A7%D9%84%D8%A8%D9%8A%D8%A7%D9%86%D8%A7%D8%AA-%D9%85%D9%86-%D8%B5%D9%81%D8%AD%D8%A7%D8%AA-%D8%A7%D9%84%D8%A5%D9%86%D8%AA%D8%B1%D9%86%D8%AA-python-web-scraping,https://avatars.hsoubcdn.com/731d720e3b79771789eb94743834e629?s=128
 إستخراج البيانات من صفحات الإنترنت (Python web scraping) ,"
      السلام عليكم ورحمة الله وبركاته , سأقوم باستخراج البيانات بكل سهولة وفي وقت قياسي من مواقع الإنترنت بإستخدام برمجة Python,وتصدير هذه البيانات بأي صيغة ترغب بها (.. ,excel, CSV, JSON, txt) وذلك ب 5 $ مقابل 50 صفحة من مواقع الانترنت ,استطيع العمل مع أشهر المكتبات في هذا المجال BeautifulSoup ,Newspaper3k,news-please ومكتبات اخرى ,الخدمة تشمل إستخراج:,- بيانات الشركات والفنادق ,- المواقع الاخبارية ,- العقارات ,- نتائج البحث من محركات البحث,- اي مواقع اخرى ترغب باستخراج البيانات منها ,الشروط:,- الخدمة لا تشمل الكود المستخدم ,-الخدمة لا تشمل المواقع التي تحتاج الي اكثر من request للوصول للمعلومات ,- يجب ان لا تتم إساءة استخدام البيانات بشكل غير قانوني ,- يتم حفظ البيانات كما هي على الموقع بدون اي تعديلات او معالجة ,- ان تكون هذه المواقع تسمح باستخراج البيانات منها,- يجب توفير رابط الموقع المحتوي على البيانات  المطلوبة
    ",اسراء النبريصي,"html,python,web,crawler,scraping", 4 أيام,يومين,1,الموقع يحتاج الى اكثر من request للوصول للبيانات,مقابل 30.00$ إضافية على سعر الخدمة. سيزيد مدة التنفيذ 3 أيام إضافية.,اشكر الاخت اسراء الخبيرة في أمور البرمجة,https://khamsat.com/programming/python-programming/1528687-%D8%A5%D8%B3%D8%AA%D8%AE%D8%B1%D8%A7%D8%AC-%D8%A7%D9%84%D8%A8%D9%8A%D8%A7%D9%86%D8%A7%D8%AA-%D9%85%D9%86-%D8%B5%D9%81%D8%AD%D8%A7%D8%AA-%D8%A7%D9%84%D8%A5%D9%86%D8%AA%D8%B1%D9%86%D8%AA-python-web-scraping,https://avatars.hsoubcdn.com/731d720e3b79771789eb94743834e629?s=128
 إستخراج البيانات من صفحات الإنترنت (Python web scraping) ,"
      السلام عليكم ورحمة الله وبركاته , سأقوم باستخراج البيانات بكل سهولة وفي وقت قياسي من مواقع الإنترنت بإستخدام برمجة Python,وتصدير هذه البيانات بأي صيغة ترغب بها (.. ,excel, CSV, JSON, txt) وذلك ب 5 $ مقابل 50 صفحة من مواقع الانترنت ,استطيع العمل مع أشهر المكتبات في هذا المجال BeautifulSoup ,Newspaper3k,news-please ومكتبات اخرى ,الخدمة تشمل إستخراج:,- بيانات الشركات والفنادق ,- المواقع الاخبارية ,- العقارات ,- نتائج البحث من محركات البحث,- اي مواقع اخرى ترغب باستخراج البيانات منها ,الشروط:,- الخدمة لا تشمل الكود المستخدم ,-الخدمة لا تشمل المواقع التي تحتاج الي اكثر من request للوصول للمعلومات ,- يجب ان لا تتم إساءة استخدام البيانات بشكل غير قانوني ,- يتم حفظ البيانات كما هي على الموقع بدون اي تعديلات او معالجة ,- ان تكون هذه المواقع تسمح باستخراج البيانات منها,- يجب توفير رابط الموقع المحتوي على البيانات  المطلوبة
    ",اسراء النبريصي,"html,python,web,crawler,scraping", 4 أيام,يومين,1,تحويل الكود الي واجهة برنامج يسهل استخدامه/ معالجة البيانات قبل استلامها,مقابل 40.00$ إضافية على سعر الخدمة. سيزيد مدة التنفيذ 5 أيام إضافية.,اشكر الاخت اسراء الخبيرة في أمور البرمجة,https://khamsat.com/programming/python-programming/1528687-%D8%A5%D8%B3%D8%AA%D8%AE%D8%B1%D8%A7%D8%AC-%D8%A7%D9%84%D8%A8%D9%8A%D8%A7%D9%86%D8%A7%D8%AA-%D9%85%D9%86-%D8%B5%D9%81%D8%AD%D8%A7%D8%AA-%D8%A7%D9%84%D8%A5%D9%86%D8%AA%D8%B1%D9%86%D8%AA-python-web-scraping,https://avatars.hsoubcdn.com/731d720e3b79771789eb94743834e629?s=128
 إستخراج البيانات من صفحات الإنترنت (Python web scraping) ,"
      السلام عليكم ورحمة الله وبركاته , سأقوم باستخراج البيانات بكل سهولة وفي وقت قياسي من مواقع الإنترنت بإستخدام برمجة Python,وتصدير هذه البيانات بأي صيغة ترغب بها (.. ,excel, CSV, JSON, txt) وذلك ب 5 $ مقابل 50 صفحة من مواقع الانترنت ,استطيع العمل مع أشهر المكتبات في هذا المجال BeautifulSoup ,Newspaper3k,news-please ومكتبات اخرى ,الخدمة تشمل إستخراج:,- بيانات الشركات والفنادق ,- المواقع الاخبارية ,- العقارات ,- نتائج البحث من محركات البحث,- اي مواقع اخرى ترغب باستخراج البيانات منها ,الشروط:,- الخدمة لا تشمل الكود المستخدم ,-الخدمة لا تشمل المواقع التي تحتاج الي اكثر من request للوصول للمعلومات ,- يجب ان لا تتم إساءة استخدام البيانات بشكل غير قانوني ,- يتم حفظ البيانات كما هي على الموقع بدون اي تعديلات او معالجة ,- ان تكون هذه المواقع تسمح باستخراج البيانات منها,- يجب توفير رابط الموقع المحتوي على البيانات  المطلوبة
    ",اسراء النبريصي,"html,python,web,crawler,scraping", 4 أيام,يومين,1,تسليم السورس كود,مقابل 40.00$ إضافية على سعر الخدمة.,اشكر الاخت اسراء الخبيرة في أمور البرمجة,https://khamsat.com/programming/python-programming/1528687-%D8%A5%D8%B3%D8%AA%D8%AE%D8%B1%D8%A7%D8%AC-%D8%A7%D9%84%D8%A8%D9%8A%D8%A7%D9%86%D8%A7%D8%AA-%D9%85%D9%86-%D8%B5%D9%81%D8%AD%D8%A7%D8%AA-%D8%A7%D9%84%D8%A5%D9%86%D8%AA%D8%B1%D9%86%D8%AA-python-web-scraping,https://avatars.hsoubcdn.com/731d720e3b79771789eb94743834e629?s=128
 إستخراج البيانات من صفحات الإنترنت آلياً (Web Scraping) ,"
      خدمة إستخراج الداتا الأسرع، الأكثر مبيعاً، والأقل سعراً في خمسات,سأقوم باستخراج البيانات من مواقع الإنترنت بإستخدام برمجة Python,وتصدير هذه البيانات بأي صيغة ترغب بها (.. ,excel, CSV, JSON, txt),سأقوم برمجياً بإستخراج عدد 10,000 من البيانات مقابل الخدمة الواحدة.,الخدمة تشمل إستخراج:,-بيانات المنتجات من المتاجر الإلكترونية,-بيانات الشركات والفنادق والعقارات والأطباء وغيرها,-نتائج البحث من محركات البحث المختلفة,-أو إستخراج أي بيانات أخرى,#الشروط:,- البيانات المطلوب استخراجها لابد أن تكون متواجدة في موقع واحد فقط,-يجب توفير رابط الموقع المحتوي على البيانات المطلوبة,-يجب ألا يخالف ذلك شروط استخدام الموقع المراد إستخراج البيانات منه,-يجب أن تكون البيانات مرئية ومتاحة للجمهور,-يجب ألا يتم إساءة إستخدام البيانات بأي طريقة,-البيانات يتم إستخراجها كما هي موجودة في الموقع بدون تعديلات,-الطلب الواحد يكون لاستخراج البيانات من موقع واحد فقط,-الخدمة لا تشمل الكود المستخدم
    ",Ahmed Mohammed,"تفريغ,منتجات,web,بيانات,تجميع,ادخال,سحب,data,اكسل,mining,scraping,استخلاص,csv", 13 ساعة,يومين,92,بيانات معروف (متاجر إلكترونية بالسعودية) 104 ألف متجر، محدثة بتاريخ 31/12/2021,مقابل 25.00$ إضافية على سعر الخدمة.,خلوق ومحترم,https://khamsat.com/business/data-entry/891522-%D8%A5%D8%B3%D8%AA%D8%AE%D8%B1%D8%A7%D8%AC-%D8%A7%D9%84%D8%A8%D9%8A%D8%A7%D9%86%D8%A7%D8%AA-%D9%85%D9%86-%D8%B5%D9%81%D8%AD%D8%A7%D8%AA-%D8%A7%D9%84%D8%A5%D9%86%D8%AA%D8%B1%D9%86%D8%AA-%D8%A2%D9%84%D9%8A%D8%A7-web-scraping,https://avatars.hsoubcdn.com/7846b193e35578f2f7a92fe588baf243?s=128
 التنقيب عن البيانات في المواقع Python Web Scraping ,"
      السلام عليكم,أنا مبرمج أتقن لغة python، ولذلك سوف أقوم باستخراج البيانات لك من مواقع الويب المختلفة بسرعة واحترافية، وحفظها في ملف CSV، أو JSON، أو txt وذلك باستخدام beautiful soup أو selenium.,سوف أقوم باستخراج 1000 بيان مقابل 5$
    ",محمد عبد الستار,"python,بايثون,web,البيانات,scraping,تنقيب,استحراج,استحراج البيانات", 13 ساعة,يوم واحد,2,2500 بيان,مقابل 5.00$ إضافية على سعر الخدمة.,عمل جميل ورائع انصح الكل بالتواصل معه,https://khamsat.com/programming/python-programming/1782237-%D8%A7%D9%84%D8%AA%D9%86%D9%82%D9%8A%D8%A8-%D8%B9%D9%86-%D8%A7%D9%84%D8%A8%D9%8A%D8%A7%D9%86%D8%A7%D8%AA-%D9%81%D9%8A-%D8%A7%D9%84%D9%85%D9%88%D8%A7%D9%82%D8%B9-python-web-scraping,https://avatars.hsoubcdn.com/b159b714fa644d81912a9269c8cb07a5?s=128
 التنقيب عن البيانات في المواقع Python Web Scraping ,"
      السلام عليكم,أنا مبرمج أتقن لغة python، ولذلك سوف أقوم باستخراج البيانات لك من مواقع الويب المختلفة بسرعة واحترافية، وحفظها في ملف CSV، أو JSON، أو txt وذلك باستخدام beautiful soup أو selenium.,سوف أقوم باستخراج 1000 بيان مقابل 5$
    ",محمد عبد الستار,"python,بايثون,web,البيانات,scraping,تنقيب,استحراج,استحراج البيانات", 13 ساعة,يوم واحد,2,10000 بيان,مقابل 15.00$ إضافية على سعر الخدمة. سيزيد مدة التنفيذ يوم إضافي.,عمل جميل ورائع انصح الكل بالتواصل معه,https://khamsat.com/programming/python-programming/1782237-%D8%A7%D9%84%D8%AA%D9%86%D9%82%D9%8A%D8%A8-%D8%B9%D9%86-%D8%A7%D9%84%D8%A8%D9%8A%D8%A7%D9%86%D8%A7%D8%AA-%D9%81%D9%8A-%D8%A7%D9%84%D9%85%D9%88%D8%A7%D9%82%D8%B9-python-web-scraping,https://avatars.hsoubcdn.com/b159b714fa644d81912a9269c8cb07a5?s=128
 التنقيب عن البيانات في المواقع Python Web Scraping ,"
      السلام عليكم,أنا مبرمج أتقن لغة python، ولذلك سوف أقوم باستخراج البيانات لك من مواقع الويب المختلفة بسرعة واحترافية، وحفظها في ملف CSV، أو JSON، أو txt وذلك باستخدام beautiful soup أو selenium.,سوف أقوم باستخراج 1000 بيان مقابل 5$
    ",محمد عبد الستار,"python,بايثون,web,البيانات,scraping,تنقيب,استحراج,استحراج البيانات", 13 ساعة,يوم واحد,2,تحويل البرنامج الي ملف exe,مقابل 15.00$ إضافية على سعر الخدمة.,عمل جميل ورائع انصح الكل بالتواصل معه,https://khamsat.com/programming/python-programming/1782237-%D8%A7%D9%84%D8%AA%D9%86%D9%82%D9%8A%D8%A8-%D8%B9%D9%86-%D8%A7%D9%84%D8%A8%D9%8A%D8%A7%D9%86%D8%A7%D8%AA-%D9%81%D9%8A-%D8%A7%D9%84%D9%85%D9%88%D8%A7%D9%82%D8%B9-python-web-scraping,https://avatars.hsoubcdn.com/b159b714fa644d81912a9269c8cb07a5?s=128
 التنقيب عن البيانات في المواقع Python Web Scraping ,"
      السلام عليكم,أنا مبرمج أتقن لغة python، ولذلك سوف أقوم باستخراج البيانات لك من مواقع الويب المختلفة بسرعة واحترافية، وحفظها في ملف CSV، أو JSON، أو txt وذلك باستخدام beautiful soup أو selenium.,سوف أقوم باستخراج 1000 بيان مقابل 5$
    ",محمد عبد الستار,"python,بايثون,web,البيانات,scraping,تنقيب,استحراج,استحراج البيانات", 13 ساعة,يوم واحد,2,تسليم الأكواد,مقابل 30.00$ إضافية على سعر الخدمة.,عمل جميل ورائع انصح الكل بالتواصل معه,https://khamsat.com/programming/python-programming/1782237-%D8%A7%D9%84%D8%AA%D9%86%D9%82%D9%8A%D8%A8-%D8%B9%D9%86-%D8%A7%D9%84%D8%A8%D9%8A%D8%A7%D9%86%D8%A7%D8%AA-%D9%81%D9%8A-%D8%A7%D9%84%D9%85%D9%88%D8%A7%D9%82%D8%B9-python-web-scraping,https://avatars.hsoubcdn.com/b159b714fa644d81912a9269c8cb07a5?s=128
 التنقيب عن البيانات في المواقع Python Web Scraping ,"
      السلام عليكم,أنا مبرمج أتقن لغة python، ولذلك سوف أقوم باستخراج البيانات لك من مواقع الويب المختلفة بسرعة واحترافية، وحفظها في ملف CSV، أو JSON، أو txt وذلك باستخدام beautiful soup أو selenium.,سوف أقوم باستخراج 1000 بيان مقابل 5$
    ",محمد عبد الستار,"python,بايثون,web,البيانات,scraping,تنقيب,استحراج,استحراج البيانات", 13 ساعة,يوم واحد,2,تصميم واجهة مستخدم GUI ، وتحويل البرنامج الي exe,مقابل 45.00$ إضافية على سعر الخدمة. سيزيد مدة التنفيذ يومين إضافيين.,عمل جميل ورائع انصح الكل بالتواصل معه,https://khamsat.com/programming/python-programming/1782237-%D8%A7%D9%84%D8%AA%D9%86%D9%82%D9%8A%D8%A8-%D8%B9%D9%86-%D8%A7%D9%84%D8%A8%D9%8A%D8%A7%D9%86%D8%A7%D8%AA-%D9%81%D9%8A-%D8%A7%D9%84%D9%85%D9%88%D8%A7%D9%82%D8%B9-python-web-scraping,https://avatars.hsoubcdn.com/b159b714fa644d81912a9269c8cb07a5?s=128
